LinkID,RoadName,RoadCategory,SpeedBand,MinimumSpeed,MaximumSpeed,Location,start_latitude,start_longitude,end_latitude,end_longitude
103000000,KENT ROAD,E,4,30,39,1.3170142376560023 103.85298052044503 1.3166840028663076 103.85259882242372,1.3170142376560023,103.85298052044503,1.3166840028663076,103.85259882242372
103000010,BUCKLEY ROAD,E,3,20,29,1.3166507852203482 103.84102305136321 1.316912438354752 103.84022564204443,1.3166507852203482,103.84102305136321,1.316912438354752,103.84022564204443
103000011,BUCKLEY ROAD,E,3,20,29,1.316912438354752 103.84022564204443 1.3166507852203482 103.84102305136321,1.316912438354752,103.84022564204443,1.3166507852203482,103.84102305136321
103000014,SHREWSBURY ROAD,E,4,30,39,1.3186726294030418 103.84700267615683 1.3180212058893457 103.84711392225329,1.3186726294030418,103.84700267615683,1.3180212058893457,103.84711392225329
103000015,SHREWSBURY ROAD,E,5,40,49,1.3180212058893457 103.84711392225329 1.3186726294030418 103.84700267615683,1.3180212058893457,103.84711392225329,1.3186726294030418,103.84700267615683
103000018,JALAN KORMA,E,5,40,49,1.3157770120574521 103.84426743639843 1.3159796416371992 103.84479180450104,1.3157770120574521,103.84426743639843,1.3159796416371992,103.84479180450104
103000019,JALAN KORMA,E,5,40,49,1.3159796416371992 103.84479180450104 1.3157770120574521 103.84426743639843,1.3159796416371992,103.84479180450104,1.3157770120574521,103.84426743639843
103000022,SING AVENUE,E,5,40,49,1.3157638139947652 103.85346718361517 1.3159850985084538 103.8540099459191,1.3157638139947652,103.85346718361517,1.3159850985084538,103.8540099459191
103000023,SING AVENUE,E,5,40,49,1.3159850985084538 103.8540099459191 1.3157638139947652 103.85346718361517,1.3159850985084538,103.8540099459191,1.3157638139947652,103.85346718361517
103000026,MOULMEIN RISE,E,8,70,999,1.3193495076454247 103.84576595796847 1.3193341206043803 103.84649970636902,1.3193495076454247,103.84576595796847,1.3193341206043803,103.84649970636902
103000027,MOULMEIN RISE,E,8,70,999,1.3193341206043803 103.84649970636902 1.3193495076454247 103.84576595796847,1.3193341206043803,103.84649970636902,1.3193495076454247,103.84576595796847
103000030,SINARAN DRIVE,E,8,70,999,1.3187614079491163 103.84584773223746 1.3184775003743368 103.845922903644,1.3187614079491163,103.84584773223746,1.3184775003743368,103.845922903644
103000031,SINARAN DRIVE,E,6,50,59,1.3184775003743368 103.845922903644 1.3187614079491163 103.84584773223746,1.3184775003743368,103.845922903644,1.3187614079491163,103.84584773223746
103000034,LEMBU ROAD,E,3,20,29,1.3095165181658415 103.85444503278327 1.3102490949407017 103.85489147379481,1.3095165181658415,103.85444503278327,1.3102490949407017,103.85489147379481
103000035,LEMBU ROAD,E,2,10,19,1.3102490949407017 103.85489147379481 1.3095165181658415 103.85444503278327,1.3102490949407017,103.85489147379481,1.3095165181658415,103.85444503278327
103000036,DESKER ROAD,E,6,50,59,1.3095165181658415 103.85444503278327 1.3098257335080767 103.85396567774879,1.3095165181658415,103.85444503278327,1.3098257335080767,103.85396567774879
103000040,VERDUN ROAD,D,2,10,19,1.3094817613742067 103.85571657719505 1.3100415318076366 103.85617487784177,1.3094817613742067,103.85571657719505,1.3100415318076366,103.85617487784177
103000044,SYED ALWI ROAD,E,2,10,19,1.3102490949407017 103.85489147379481 1.3094817613742067 103.85571657719505,1.3102490949407017,103.85489147379481,1.3094817613742067,103.85571657719505
103000050,ORCHARD SPRING LANE,E,3,20,29,1.3040240949630044 103.82435328722222 1.3035181120546362 103.82439062361162,1.3040240949630044,103.82435328722222,1.3035181120546362,103.82439062361162
103000051,ORCHARD SPRING LANE,E,6,50,59,1.3035181120546362 103.82439062361162 1.3040240949630044 103.82435328722222,1.3035181120546362,103.82439062361162,1.3040240949630044,103.82435328722222
103000054,KAY SIANG ROAD,E,2,10,19,1.2977954689273836 103.81184137776128 1.2979363108403927 103.81139535719257,1.2977954689273836,103.81184137776128,1.2979363108403927,103.81139535719257
103000055,KAY SIANG ROAD,E,2,10,19,1.2979363108403927 103.81139535719257 1.2977954689273836 103.81184137776128,1.2979363108403927,103.81139535719257,1.2977954689273836,103.81184137776128
103000056,MARTABAN ROAD,E,2,10,19,1.3235238431328136 103.8508428681823 1.3241924351833945 103.85149036161232,1.3235238431328136,103.8508428681823,1.3241924351833945,103.85149036161232
103000062,MARTABAN ROAD,E,2,10,19,1.3235238431328136 103.8508428681823 1.3242848802266947 103.85008775600024,1.3235238431328136,103.8508428681823,1.3242848802266947,103.85008775600024
103000063,MARTABAN ROAD,E,2,10,19,1.3242848802266947 103.85008775600024 1.3235238431328136 103.8508428681823,1.3242848802266947,103.85008775600024,1.3235238431328136,103.8508428681823
103000066,JALAN TAN TOCK SENG,E,8,70,999,1.319450709571759 103.84838600107199 1.3202305802943324 103.84823264087314,1.319450709571759,103.84838600107199,1.3202305802943324,103.84823264087314
103000067,JALAN TAN TOCK SENG,E,8,70,999,1.3202305802943324 103.84823264087314 1.319450709571759 103.84838600107199,1.3202305802943324,103.84823264087314,1.319450709571759,103.84838600107199
103000068,SOPHIA ROAD,E,7,60,69,1.3020505931348514 103.84753501033079 1.3020981998994814 103.84735684695016,1.3020505931348514,103.84753501033079,1.3020981998994814,103.84735684695016
103000072,MUSCAT STREET,E,2,10,19,1.3020478491197238 103.85929118664532 1.3024623974822258 103.85961424505442,1.3020478491197238,103.85929118664532,1.3024623974822258,103.85961424505442
103000078,PAN ISLAND EXPRESSWAY,A,8,70,999,1.3479138498233316 103.6923894384768 1.3491170726830268 103.69342360283092,1.3479138498233316,103.6923894384768,1.3491170726830268,103.69342360283092
103000079,PAN ISLAND EXPRESSWAY,A,7,60,69,1.3491170726830268 103.69342360283092 1.3479138498233316 103.6923894384768,1.3491170726830268,103.69342360283092,1.3479138498233316,103.6923894384768
103000080,PAN ISLAND EXPRESSWAY,A,8,70,999,1.3436196253925365 103.78499221155269 1.3431444683048892 103.78388724345461,1.3436196253925365,103.78499221155269,1.3431444683048892,103.78388724345461
103000086,AMBER ROAD,C,3,20,29,1.3009014346769388 103.90150591557894 1.3000155854751687 103.90006277560406,1.3009014346769388,103.90150591557894,1.3000155854751687,103.90006277560406
103000087,AMBER ROAD,C,3,20,29,1.3000155854751687 103.90006277560406 1.3009014346769388 103.90150591557894,1.3000155854751687,103.90006277560406,1.3009014346769388,103.90150591557894
103000090,ANG MO KIO AVENUE 4,C,4,30,39,1.3795549789334551 103.83982137005759 1.3778764702530613 103.83969577191468,1.3795549789334551,103.83982137005759,1.3778764702530613,103.83969577191468
103000091,ANG MO KIO AVENUE 4,C,3,20,29,1.3778764702530613 103.83969577191468 1.3795549789334551 103.83982137005759,1.3778764702530613,103.83969577191468,1.3795549789334551,103.83982137005759
103000094,JALAN TUPAI,E,7,60,69,1.302018104115238 103.82687869301155 1.3025271098303324 103.82774617488765,1.302018104115238,103.82687869301155,1.3025271098303324,103.82774617488765
103000095,JALAN TUPAI,E,8,70,999,1.3025271098303324 103.82774617488765 1.302018104115238 103.82687869301155,1.3025271098303324,103.82774617488765,1.302018104115238,103.82687869301155
103000098,TOMLINSON ROAD,D,3,20,29,1.3034535281731428 103.82621354051224 1.302018104115238 103.82687869301155,1.3034535281731428,103.82621354051224,1.302018104115238,103.82687869301155
103000099,TOMLINSON ROAD,D,8,70,999,1.302018104115238 103.82687869301155 1.3034535281731428 103.82621354051224,1.302018104115238,103.82687869301155,1.3034535281731428,103.82621354051224
103000106,SHREWSBURY ROAD,E,4,30,39,1.3185208604394962 103.8497306240015 1.3182839067307601 103.8484896779184,1.3185208604394962,103.8497306240015,1.3182839067307601,103.8484896779184
103000107,SHREWSBURY ROAD,E,4,30,39,1.3182839067307601 103.8484896779184 1.3185208604394962 103.8497306240015,1.3182839067307601,103.8484896779184,1.3185208604394962,103.8497306240015
103000110,TELOK BLANGAH HEIGHTS,D,3,20,29,1.2771369059505562 103.81040355919788 1.277633353991097 103.80909264308315,1.2771369059505562,103.81040355919788,1.277633353991097,103.80909264308315
103000111,TELOK BLANGAH HEIGHTS,D,4,30,39,1.277633353991097 103.80909264308315 1.2771369059505562 103.81040355919788,1.277633353991097,103.80909264308315,1.2771369059505562,103.81040355919788
103000114,TELOK BLANGAH HEIGHTS,D,3,20,29,1.277633353991097 103.80909264308315 1.2780189431917124 103.80767112662544,1.277633353991097,103.80909264308315,1.2780189431917124,103.80767112662544
103000115,TELOK BLANGAH HEIGHTS,D,4,30,39,1.2780189431917124 103.80767112662544 1.277633353991097 103.80909264308315,1.2780189431917124,103.80767112662544,1.277633353991097,103.80909264308315
103000118,TELOK BLANGAH HEIGHTS,D,4,30,39,1.2765900388648779 103.81171237266507 1.276042945010033 103.81302172471231,1.2765900388648779,103.81171237266507,1.276042945010033,103.81302172471231
103000119,TELOK BLANGAH HEIGHTS,D,3,20,29,1.276042945010033 103.81302172471231 1.2765900388648779 103.81171237266507,1.276042945010033,103.81302172471231,1.2765900388648779,103.81171237266507
103000122,PAN ISLAND EXPRESSWAY,A,8,70,999,1.350438528643087 103.69440892471033 1.3517801862142893 103.69536755921838,1.350438528643087,103.69440892471033,1.3517801862142893,103.69536755921838
103000123,PAN ISLAND EXPRESSWAY,A,7,60,69,1.3517801862142893 103.69536755921838 1.350438528643087 103.69440892471033,1.3517801862142893,103.69536755921838,1.350438528643087,103.69440892471033
103000124,WILKINSON ROAD,F,4,30,39,1.3022604164237386 103.88515409863628 1.3020018334230383 103.88506135448995,1.3022604164237386,103.88515409863628,1.3020018334230383,103.88506135448995
103000128,WILKIE ROAD,E,7,60,69,1.3021332006151927 103.84859614838282 1.3019803247888424 103.84892228360394,1.3021332006151927,103.84859614838282,1.3019803247888424,103.84892228360394
103000134,CAMP ROAD,D,4,30,39,1.3023326560971626 103.8192445570385 1.3019259729917443 103.8193666357108,1.3023326560971626,103.8192445570385,1.3019259729917443,103.8193666357108
103000135,CAMP ROAD,D,5,40,49,1.3019259729917443 103.8193666357108 1.3023326560971626 103.8192445570385,1.3019259729917443,103.8193666357108,1.3023326560971626,103.8192445570385
103000138,LENGKOK MERAK,E,4,30,39,1.3019154913408086 103.82562409886084 1.3021005061138486 103.82556786730588,1.3019154913408086,103.82562409886084,1.3021005061138486,103.82556786730588
103000139,LENGKOK MERAK,E,4,30,39,1.3021005061138486 103.82556786730588 1.3019154913408086 103.82562409886084,1.3021005061138486,103.82556786730588,1.3019154913408086,103.82562409886084
103000142,TANGLIN WALK,E,3,20,29,1.30277750949525 103.81714881291575 1.301902777906714 103.81671018445115,1.30277750949525,103.81714881291575,1.301902777906714,103.81671018445115
103000143,TANGLIN WALK,E,3,20,29,1.301902777906714 103.81671018445115 1.30277750949525 103.81714881291575,1.301902777906714,103.81671018445115,1.30277750949525,103.81714881291575
103000146,TANGLIN HILL,E,3,20,29,1.301902777906714 103.81671018445115 1.3020760157371165 103.81636988608547,1.301902777906714,103.81671018445115,1.3020760157371165,103.81636988608547
103000147,TANGLIN HILL,E,2,10,19,1.3020760157371165 103.81636988608547 1.301902777906714 103.81671018445115,1.3020760157371165,103.81636988608547,1.301902777906714,103.81671018445115
103000148,SOPHIA ROAD,E,8,70,999,1.3020505931348514 103.84753501033079 1.3018924565367096 103.84742450630118,1.3020505931348514,103.84753501033079,1.3018924565367096,103.84742450630118
103000152,ADIS ROAD,E,8,70,999,1.3018924565367096 103.84742450630118 1.3020981998994814 103.84735684695016,1.3018924565367096,103.84742450630118,1.3020981998994814,103.84735684695016
103000156,KRAMAT ROAD,B,1,0,9,1.3018714301953633 103.84120126880777 1.3024590972915757 103.84059908315483,1.3018714301953633,103.84120126880777,1.3024590972915757,103.84059908315483
103000162,AKYAB ROAD,E,2,10,19,1.3223315936500188 103.84782453064221 1.323225112339397 103.84825791705197,1.3223315936500188,103.84782453064221,1.323225112339397,103.84825791705197
103000163,AKYAB ROAD,E,8,70,999,1.323225112339397 103.84825791705197 1.3223315936500188 103.84782453064221,1.323225112339397,103.84825791705197,1.3223315936500188,103.84782453064221
103000166,OXFORD ROAD,E,2,10,19,1.3158766228467986 103.8525278217439 1.3154336431941307 103.853008273284,1.3158766228467986,103.8525278217439,1.3154336431941307,103.853008273284
103000167,OXFORD ROAD,E,2,10,19,1.3154336431941307 103.853008273284 1.3158766228467986 103.8525278217439,1.3154336431941307,103.853008273284,1.3158766228467986,103.8525278217439
103000170,KEMPAS ROAD,E,2,10,19,1.315899168782131 103.85944206093603 1.3154021442041506 103.85980837679445,1.315899168782131,103.85944206093603,1.3154021442041506,103.85980837679445
103000171,KEMPAS ROAD,E,7,60,69,1.3154021442041506 103.85980837679445 1.315899168782131 103.85944206093603,1.3154021442041506,103.85980837679445,1.315899168782131,103.85944206093603
103000174,JALAN KORMA,E,4,30,39,1.3157770120574521 103.84426743639843 1.3156603053759763 103.84390320841796,1.3157770120574521,103.84426743639843,1.3156603053759763,103.84390320841796
103000175,JALAN KORMA,E,2,10,19,1.3156603053759763 103.84390320841796 1.3157770120574521 103.84426743639843,1.3156603053759763,103.84390320841796,1.3157770120574521,103.84426743639843
103000176,STEVENS ROAD,F,4,30,39,1.3098922536055888 103.83345390955975 1.3097312042342106 103.83404900921593,1.3098922536055888,103.83345390955975,1.3097312042342106,103.83404900921593
103000182,ARDMORE PARK,D,2,10,19,1.3095892684441353 103.82839685211003 1.3097460950865234 103.82879350703922,1.3095892684441353,103.82839685211003,1.3097460950865234,103.82879350703922
103000183,ARDMORE PARK,D,3,20,29,1.3097460950865234 103.82879350703922 1.3095892684441353 103.82839685211003,1.3097460950865234,103.82879350703922,1.3095892684441353,103.82839685211003
103000186,ARDMORE PARK,D,4,30,39,1.3095892684441353 103.82839685211003 1.3102253421678596 103.82740509577657,1.3095892684441353,103.82839685211003,1.3102253421678596,103.82740509577657
103000187,ARDMORE PARK,D,2,10,19,1.3102253421678596 103.82740509577657 1.3095892684441353 103.82839685211003,1.3102253421678596,103.82740509577657,1.3095892684441353,103.82839685211003
103000190,ANTHONY ROAD,E,3,20,29,1.310468565405978 103.8376076936921 1.3095693665135413 103.8362897642633,1.310468565405978,103.8376076936921,1.3095693665135413,103.8362897642633
103000191,ANTHONY ROAD,E,4,30,39,1.3095693665135413 103.8362897642633 1.310468565405978 103.8376076936921,1.3095693665135413,103.8362897642633,1.310468565405978,103.8376076936921
103000194,CAIRNHILL ROAD,C,4,30,39,1.3095693665135413 103.8362897642633 1.310692335045372 103.83555854453066,1.3095693665135413,103.8362897642633,1.310692335045372,103.83555854453066
103000195,CAIRNHILL ROAD,C,4,30,39,1.310692335045372 103.83555854453066 1.3095693665135413 103.8362897642633,1.310692335045372,103.83555854453066,1.3095693665135413,103.8362897642633
103000198,KEMPAS ROAD,E,3,20,29,1.3156794372910703 103.85925389319206 1.315899168782131 103.85944206093603,1.3156794372910703,103.85925389319206,1.315899168782131,103.85944206093603
103000199,KEMPAS ROAD,E,3,20,29,1.315899168782131 103.85944206093603 1.3156794372910703 103.85925389319206,1.315899168782131,103.85944206093603,1.3156794372910703,103.85925389319206
103000202,ANG MO KIO AVENUE 4,C,3,20,29,1.3778764702530613 103.83969577191468 1.377082366481272 103.8395587643731,1.3778764702530613,103.83969577191468,1.377082366481272,103.8395587643731
103000203,ANG MO KIO AVENUE 4,C,2,10,19,1.377082366481272 103.8395587643731 1.3778764702530613 103.83969577191468,1.377082366481272,103.8395587643731,1.3778764702530613,103.83969577191468
103000206,ANG MO KIO AVENUE 4,C,3,20,29,1.3765237228546703 103.83946526641823 1.377082366481272 103.8395587643731,1.3765237228546703,103.83946526641823,1.377082366481272,103.8395587643731
103000207,ANG MO KIO AVENUE 4,C,3,20,29,1.377082366481272 103.8395587643731 1.3765237228546703 103.83946526641823,1.377082366481272,103.8395587643731,1.3765237228546703,103.83946526641823
103000210,ANG MO KIO AVENUE 4,C,5,40,49,1.3835254500944634 103.83770121892717 1.38338023612439 103.83781517599795,1.3835254500944634,103.83770121892717,1.38338023612439,103.83781517599795
103000211,ANG MO KIO AVENUE 4,C,2,10,19,1.38338023612439 103.83781517599795 1.3835254500944634 103.83770121892717,1.38338023612439,103.83781517599795,1.3835254500944634,103.83770121892717
103000214,ANG MO KIO AVENUE 4,C,5,40,49,1.38338023612439 103.83781517599795 1.3822793699880447 103.83863653439964,1.38338023612439,103.83781517599795,1.3822793699880447,103.83863653439964
103000215,ANG MO KIO AVENUE 4,C,3,20,29,1.3822793699880447 103.83863653439964 1.38338023612439 103.83781517599795,1.3822793699880447,103.83863653439964,1.38338023612439,103.83781517599795
103000218,ANG MO KIO AVENUE 4,C,5,40,49,1.3840112390167347 103.83732856251386 1.3835254500944634 103.83770121892717,1.3840112390167347,103.83732856251386,1.3835254500944634,103.83770121892717
103000219,ANG MO KIO AVENUE 4,C,2,10,19,1.3835254500944634 103.83770121892717 1.3840112390167347 103.83732856251386,1.3835254500944634,103.83770121892717,1.3840112390167347,103.83732856251386
103000222,ANG MO KIO AVENUE 8,C,4,30,39,1.3777027981180603 103.84756217854924 1.3771978910136298 103.84765705588656,1.3777027981180603,103.84756217854924,1.3771978910136298,103.84765705588656
103000223,ANG MO KIO AVENUE 8,C,4,30,39,1.3771978910136298 103.84765705588656 1.3777027981180603 103.84756217854924,1.3771978910136298,103.84765705588656,1.3777027981180603,103.84756217854924
103000226,ANG MO KIO AVENUE 8,C,4,30,39,1.3771978910136298 103.84765705588656 1.376730487972268 103.84773795161581,1.3771978910136298,103.84765705588656,1.376730487972268,103.84773795161581
103000227,ANG MO KIO AVENUE 8,C,3,20,29,1.376730487972268 103.84773795161581 1.3771978910136298 103.84765705588656,1.376730487972268,103.84773795161581,1.3771978910136298,103.84765705588656
103000228,DORSET ROAD,D,3,20,29,1.3133901063939397 103.85032404665321 1.3129765172117367 103.84974217909104,1.3133901063939397,103.85032404665321,1.3129765172117367,103.84974217909104
103000234,ANG MO KIO AVENUE 9,D,6,50,59,1.3839740978654103 103.84313695546383 1.3838894069258951 103.8424480441498,1.3839740978654103,103.84313695546383,1.3838894069258951,103.8424480441498
103000235,ANG MO KIO AVENUE 9,D,4,30,39,1.3838894069258951 103.8424480441498 1.3839740978654103 103.84313695546383,1.3838894069258951,103.8424480441498,1.3839740978654103,103.84313695546383
103000238,NORFOLK ROAD,B,6,50,59,1.317103654150258 103.84888640803763 1.3164233526759435 103.84775689847758,1.317103654150258,103.84888640803763,1.3164233526759435,103.84775689847758
103000239,NORFOLK ROAD,B,6,50,59,1.3164233526759435 103.84775689847758 1.317103654150258 103.84888640803763,1.3164233526759435,103.84775689847758,1.317103654150258,103.84888640803763
103000242,ANG MO KIO AVENUE 4,C,4,30,39,1.3748784522832425 103.83811376463666 1.3755371440113777 103.8390063090149,1.3748784522832425,103.83811376463666,1.3755371440113777,103.8390063090149
103000243,ANG MO KIO AVENUE 4,C,3,20,29,1.3755371440113777 103.8390063090149 1.3748784522832425 103.83811376463666,1.3755371440113777,103.8390063090149,1.3748784522832425,103.83811376463666
103000246,NASSIM ROAD,D,3,20,29,1.3112406329656845 103.82143582576197 1.3118940935550105 103.82204317904964,1.3112406329656845,103.82143582576197,1.3118940935550105,103.82204317904964
103000247,NASSIM ROAD,D,3,20,29,1.3118940935550105 103.82204317904964 1.3112406329656845 103.82143582576197,1.3118940935550105,103.82204317904964,1.3112406329656845,103.82143582576197
103000254,BALMORAL PARK,E,4,30,39,1.3134139917128311 103.82959840334954 1.3129593497249092 103.82975943310102,1.3134139917128311,103.82959840334954,1.3129593497249092,103.82975943310102
103000255,BALMORAL PARK,E,4,30,39,1.3129593497249092 103.82975943310102 1.3134139917128311 103.82959840334954,1.3129593497249092,103.82975943310102,1.3134139917128311,103.82959840334954
103000258,STEVENS ROAD,C,4,30,39,1.3131328782183662 103.82911750896497 1.3129593497249092 103.82975943310102,1.3131328782183662,103.82911750896497,1.3129593497249092,103.82975943310102
103000259,STEVENS ROAD,C,4,30,39,1.3129593497249092 103.82975943310102 1.3131328782183662 103.82911750896497,1.3129593497249092,103.82975943310102,1.3131328782183662,103.82911750896497
103000260,PETAIN ROAD,E,3,20,29,1.3128994765010902 103.85727722633219 1.3134069573818214 103.85667709880157,1.3128994765010902,103.85727722633219,1.3134069573818214,103.85667709880157
103000266,BALMORAL ROAD,D,4,30,39,1.3135704480430792 103.8305390230549 1.3129593497249092 103.82975943310102,1.3135704480430792,103.8305390230549,1.3129593497249092,103.82975943310102
103000267,BALMORAL ROAD,D,4,30,39,1.3129593497249092 103.82975943310102 1.3135704480430792 103.8305390230549,1.3129593497249092,103.82975943310102,1.3135704480430792,103.8305390230549
103000270,STEVENS ROAD,C,4,30,39,1.3129593497249092 103.82975943310102 1.3129482532197405 103.82979421597224,1.3129593497249092,103.82975943310102,1.3129482532197405,103.82979421597224
103000271,STEVENS ROAD,C,4,30,39,1.3129482532197405 103.82979421597224 1.3129593497249092 103.82975943310102,1.3129482532197405,103.82979421597224,1.3129593497249092,103.82975943310102
103000276,KAMPONG JAVA ROAD,F,4,30,39,1.3131522033523786 103.84591215724936 1.3129397527298754 103.8453609319561,1.3131522033523786,103.84591215724936,1.3129397527298754,103.8453609319561
103000282,KAMPONG JAVA ROAD,B,5,40,49,1.3128915402722743 103.8435107552494 1.3134502209463657 103.8434271564376,1.3128915402722743,103.8435107552494,1.3134502209463657,103.8434271564376
103000283,KAMPONG JAVA ROAD,B,5,40,49,1.3134502209463657 103.8434271564376 1.3128915402722743 103.8435107552494,1.3134502209463657,103.8434271564376,1.3128915402722743,103.8435107552494
103000290,RACE COURSE ROAD,D,3,20,29,1.3133115247400988 103.85513650754488 1.3128657945370725 103.85467601502488,1.3133115247400988,103.85513650754488,1.3128657945370725,103.85467601502488
103000291,RACE COURSE ROAD,D,3,20,29,1.3128657945370725 103.85467601502488 1.3133115247400988 103.85513650754488,1.3128657945370725,103.85467601502488,1.3133115247400988,103.85513650754488
103000292,LORONG 3 GEYLANG,E,2,10,19,1.3112814046832442 103.8745843404284 1.3128669001147928 103.8740481840283,1.3112814046832442,103.8745843404284,1.3128669001147928,103.8740481840283
103000298,GOODWOOD HILL,E,6,50,59,1.311265024985496 103.83361404903052 1.3114126715258738 103.83387874363073,1.311265024985496,103.83361404903052,1.3114126715258738,103.83387874363073
103000299,GOODWOOD HILL,E,2,10,19,1.3114126715258738 103.83387874363073 1.311265024985496 103.83361404903052,1.3114126715258738,103.83387874363073,1.311265024985496,103.83361404903052
103000300,STEVENS ROAD,F,4,30,39,1.3115941685350712 103.83315772987676 1.311265024985496 103.83361404903052,1.3115941685350712,103.83315772987676,1.311265024985496,103.83361404903052
103000306,NASSIM ROAD,D,3,20,29,1.3112406329656845 103.82143582576197 1.3116597146848918 103.8212526635276,1.3112406329656845,103.82143582576197,1.3116597146848918,103.8212526635276
103000307,NASSIM ROAD,D,3,20,29,1.3116597146848918 103.8212526635276 1.3112406329656845 103.82143582576197,1.3116597146848918,103.8212526635276,1.3112406329656845,103.82143582576197
103000310,RUTLAND ROAD,E,2,10,19,1.311229840433147 103.84910566257994 1.311802597676934 103.84973058015619,1.311229840433147,103.84910566257994,1.311802597676934,103.84973058015619
103000311,RUTLAND ROAD,E,4,30,39,1.311802597676934 103.84973058015619 1.311229840433147 103.84910566257994,1.311802597676934,103.84973058015619,1.311229840433147,103.84910566257994
103000312,RUTLAND ROAD,E,5,40,49,1.3113680558354108 103.8488917458808 1.311229840433147 103.84910566257994,1.3113680558354108,103.8488917458808,1.311229840433147,103.84910566257994
103000316,OPHIR ROAD,F,6,50,59,1.292423970537279 103.86259120957735 1.2912349150968774 103.8623028359393,1.292423970537279,103.86259120957735,1.2912349150968774,103.8623028359393
103000324,RAFFLES BOULEVARD,F,4,30,39,1.2912309351425506 103.86236811495664 1.2918238027402373 103.86295353079224,1.2912309351425506,103.86236811495664,1.2918238027402373,103.86295353079224
103000330,ANG MO KIO AVENUE 4,C,3,20,29,1.3739406188810974 103.83737872197739 1.3748784522832425 103.83811376463666,1.3739406188810974,103.83737872197739,1.3748784522832425,103.83811376463666
103000331,ANG MO KIO AVENUE 4,C,5,40,49,1.3748784522832425 103.83811376463666 1.3739406188810974 103.83737872197739,1.3748784522832425,103.83811376463666,1.3739406188810974,103.83737872197739
103000334,ANG MO KIO AVENUE 8,C,3,20,29,1.3694747355079808 103.84946957875535 1.369024197584065 103.84972450005914,1.3694747355079808,103.84946957875535,1.369024197584065,103.84972450005914
103000335,ANG MO KIO AVENUE 8,C,3,20,29,1.369024197584065 103.84972450005914 1.3694747355079808 103.84946957875535,1.369024197584065,103.84972450005914,1.3694747355079808,103.84946957875535
103000338,ANG MO KIO AVENUE 8,C,4,30,39,1.370561839669548 103.84885708436424 1.3696927152524048 103.84934676362796,1.370561839669548,103.84885708436424,1.3696927152524048,103.84934676362796
103000339,ANG MO KIO AVENUE 8,C,4,30,39,1.3696927152524048 103.84934676362796 1.370561839669548 103.84885708436424,1.3696927152524048,103.84934676362796,1.370561839669548,103.84885708436424
103000342,ANG MO KIO AVENUE 8,C,3,20,29,1.3696927152524048 103.84934676362796 1.3694747355079808 103.84946957875535,1.3696927152524048,103.84934676362796,1.3694747355079808,103.84946957875535
103000343,ANG MO KIO AVENUE 8,C,4,30,39,1.3694747355079808 103.84946957875535 1.3696927152524048 103.84934676362796,1.3694747355079808,103.84946957875535,1.3696927152524048,103.84934676362796
103000346,BEDOK NORTH AVENUE 1,C,3,20,29,1.3239673531148124 103.92722444692839 1.3236245437060072 103.92726159815368,1.3239673531148124,103.92722444692839,1.3236245437060072,103.92726159815368
103000347,BEDOK NORTH AVENUE 1,C,3,20,29,1.3236245437060072 103.92726159815368 1.3239673531148124 103.92722444692839,1.3236245437060072,103.92726159815368,1.3239673531148124,103.92722444692839
103000350,BEDOK NORTH AVENUE 1,C,3,20,29,1.3240846767490342 103.92720949943045 1.3244923386287593 103.9271573268364,1.3240846767490342,103.92720949943045,1.3244923386287593,103.9271573268364
103000351,BEDOK NORTH AVENUE 1,C,2,10,19,1.3244923386287593 103.9271573268364 1.3240846767490342 103.92720949943045,1.3244923386287593,103.9271573268364,1.3240846767490342,103.92720949943045
103000354,SURREY ROAD,E,3,20,29,1.3159382308514525 103.84261245053749 1.315854648211366 103.84294233512517,1.3159382308514525,103.84261245053749,1.315854648211366,103.84294233512517
103000355,SURREY ROAD,E,2,10,19,1.315854648211366 103.84294233512517 1.3159382308514525 103.84261245053749,1.315854648211366,103.84294233512517,1.3159382308514525,103.84261245053749
103000358,ANG MO KIO AVENUE 8,C,5,40,49,1.3807128617466986 103.84499903089491 1.3807123642926429 103.84500991262863,1.3807128617466986,103.84499903089491,1.3807123642926429,103.84500991262863
103000359,ANG MO KIO AVENUE 8,C,2,10,19,1.3807123642926429 103.84500991262863 1.3807128617466986 103.84499903089491,1.3807123642926429,103.84500991262863,1.3807128617466986,103.84499903089491
103000362,NASSIM ROAD,D,2,10,19,1.3118940935550105 103.82204317904964 1.3126625795883653 103.82252274944035,1.3118940935550105,103.82204317904964,1.3126625795883653,103.82252274944035
103000363,NASSIM ROAD,D,3,20,29,1.3126625795883653 103.82252274944035 1.3118940935550105 103.82204317904964,1.3126625795883653,103.82252274944035,1.3118940935550105,103.82204317904964
103000366,LINCOLN ROAD,E,2,10,19,1.315854648211366 103.84294233512517 1.3167136667120711 103.84327853125002,1.315854648211366,103.84294233512517,1.3167136667120711,103.84327853125002
103000367,LINCOLN ROAD,E,3,20,29,1.3167136667120711 103.84327853125002 1.315854648211366 103.84294233512517,1.3167136667120711,103.84327853125002,1.315854648211366,103.84294233512517
103000374,ANG MO KIO AVENUE 8,C,4,30,39,1.3807123642926429 103.84500991262863 1.380684897925153 103.8451761128162,1.3807123642926429,103.84500991262863,1.380684897925153,103.8451761128162
103000375,ANG MO KIO AVENUE 8,C,2,10,19,1.380684897925153 103.8451761128162 1.3807123642926429 103.84500991262863,1.380684897925153,103.8451761128162,1.3807123642926429,103.84500991262863
103000378,SURREY ROAD,E,2,10,19,1.3157272395598174 103.84338520326874 1.315854648211366 103.84294233512517,1.3157272395598174,103.84338520326874,1.315854648211366,103.84294233512517
103000379,SURREY ROAD,E,2,10,19,1.315854648211366 103.84294233512517 1.3157272395598174 103.84338520326874,1.315854648211366,103.84294233512517,1.3157272395598174,103.84338520326874
103000382,SURREY ROAD,E,1,0,9,1.3156132848934614 103.84225443085381 1.3159382308514525 103.84261245053749,1.3156132848934614,103.84225443085381,1.3159382308514525,103.84261245053749
103000383,SURREY ROAD,E,2,10,19,1.3159382308514525 103.84261245053749 1.3156132848934614 103.84225443085381,1.3159382308514525,103.84261245053749,1.3156132848934614,103.84225443085381
103000386,WEE NAM ROAD,E,3,20,29,1.3147915862600077 103.84277519172518 1.3157272395598174 103.84338520326874,1.3147915862600077,103.84277519172518,1.3157272395598174,103.84338520326874
103000387,WEE NAM ROAD,E,2,10,19,1.3157272395598174 103.84338520326874 1.3147915862600077 103.84277519172518,1.3157272395598174,103.84338520326874,1.3147915862600077,103.84277519172518
103000390,MOHAMAD SULTAN ROAD,E,4,30,39,1.291162335870407 103.83939185990795 1.2909587737416484 103.83879622503638,1.291162335870407,103.83939185990795,1.2909587737416484,103.83879622503638
103000391,MOHAMAD SULTAN ROAD,E,3,20,29,1.2909587737416484 103.83879622503638 1.291162335870407 103.83939185990795,1.2909587737416484,103.83879622503638,1.291162335870407,103.83939185990795
103000394,MARTIN ROAD,E,3,20,29,1.2916111381542603 103.83840296152836 1.2909587737416484 103.83879622503638,1.2916111381542603,103.83840296152836,1.2909587737416484,103.83879622503638
103000395,MARTIN ROAD,E,4,30,39,1.2909587737416484 103.83879622503638 1.2916111381542603 103.83840296152836,1.2909587737416484,103.83879622503638,1.2916111381542603,103.83840296152836
103000406,SAIBOO STREET,E,3,20,29,1.2909587737416484 103.83879622503638 1.2896315925323827 103.83812231618583,1.2909587737416484,103.83879622503638,1.2896315925323827,103.83812231618583
103000407,SAIBOO STREET,E,3,20,29,1.2896315925323827 103.83812231618583 1.2909587737416484 103.83879622503638,1.2896315925323827,103.83812231618583,1.2909587737416484,103.83879622503638
103000408,STADIUM CRESCENT,F,3,20,29,1.304116421073875 103.88129074763484 1.303480947720935 103.88194501182524,1.304116421073875,103.88129074763484,1.303480947720935,103.88194501182524
103000414,JALAN KUBOR,E,3,20,29,1.3034705740870907 103.85962406762611 1.3041658180712976 103.85918340072986,1.3034705740870907,103.85962406762611,1.3041658180712976,103.85918340072986
103000415,JALAN KUBOR,E,3,20,29,1.3041658180712976 103.85918340072986 1.3034705740870907 103.85962406762611,1.3041658180712976,103.85918340072986,1.3034705740870907,103.85962406762611
103000418,TOMLINSON ROAD,D,6,50,59,1.30450312346212 103.82573244672774 1.3034535281731428 103.82621354051224,1.30450312346212,103.82573244672774,1.3034535281731428,103.82621354051224
103000419,TOMLINSON ROAD,D,3,20,29,1.3034535281731428 103.82621354051224 1.30450312346212 103.82573244672774,1.3034535281731428,103.82621354051224,1.30450312346212,103.82573244672774
103000422,BIDEFORD ROAD,C,3,20,29,1.3037416943275602 103.83626910885548 1.303367431108309 103.83695623568973,1.3037416943275602,103.83626910885548,1.303367431108309,103.83695623568973
103000423,BIDEFORD ROAD,C,5,40,49,1.303367431108309 103.83695623568973 1.3037416943275602 103.83626910885548,1.303367431108309,103.83695623568973,1.3037416943275602,103.83626910885548
103000430,CHATSWORTH ROAD,D,3,20,29,1.299700019895312 103.82447173073814 1.2997425241983005 103.82423630283773,1.299700019895312,103.82447173073814,1.2997425241983005,103.82423630283773
103000431,CHATSWORTH ROAD,D,8,70,999,1.2997425241983005 103.82423630283773 1.299700019895312 103.82447173073814,1.2997425241983005,103.82423630283773,1.299700019895312,103.82447173073814
103000432,DEVONSHIRE ROAD,E,5,40,49,1.299700493522719 103.83736801561635 1.299804080133152 103.83693000207771,1.299700493522719,103.83736801561635,1.299804080133152,103.83693000207771
103000438,CHATSWORTH ROAD,D,3,20,29,1.3002619350753117 103.8215795098097 1.2996880144700964 103.82122821735582,1.3002619350753117,103.8215795098097,1.2996880144700964,103.82122821735582
103000439,CHATSWORTH ROAD,D,3,20,29,1.2996880144700964 103.82122821735582 1.3002619350753117 103.8215795098097,1.2996880144700964,103.82122821735582,1.3002619350753117,103.8215795098097
103000446,PRINSEP STREET,B,5,40,49,1.3004162443480554 103.85026714446101 1.299920511324217 103.84973050315914,1.3004162443480554,103.85026714446101,1.299920511324217,103.84973050315914
103000447,PRINSEP STREET,B,1,0,9,1.299920511324217 103.84973050315914 1.3004162443480554 103.85026714446101,1.299920511324217,103.84973050315914,1.3004162443480554,103.85026714446101
103000448,RUTLAND ROAD,E,5,40,49,1.311229840433147 103.84910566257994 1.3113233168952205 103.84889480067116,1.311229840433147,103.84910566257994,1.3113233168952205,103.84889480067116
103000454,ORANGE GROVE ROAD,D,5,40,49,1.3112234836796168 103.82532382034226 1.3114913467964102 103.82511923783522,1.3112234836796168,103.82532382034226,1.3114913467964102,103.82511923783522
103000455,ORANGE GROVE ROAD,D,6,50,59,1.3114913467964102 103.82511923783522 1.3112234836796168 103.82532382034226,1.3114913467964102,103.82511923783522,1.3112234836796168,103.82532382034226
103000456,ORANGE GROVE ROAD,D,5,40,49,1.3112234836796168 103.82532382034226 1.3113363109408036 103.82493559289007,1.3112234836796168,103.82532382034226,1.3113363109408036,103.82493559289007
103000466,WINSTEDT DRIVE,E,5,40,49,1.3106771084130493 103.84231654800287 1.3112736986654532 103.84260572116985,1.3106771084130493,103.84231654800287,1.3112736986654532,103.84260572116985
103000467,WINSTEDT DRIVE,E,4,30,39,1.3112736986654532 103.84260572116985 1.3106771084130493 103.84231654800287,1.3112736986654532,103.84260572116985,1.3106771084130493,103.84231654800287
103000470,GILSTEAD ROAD,E,3,20,29,1.319061396656469 103.84092930386213 1.3188105351806543 103.84085187490123,1.319061396656469,103.84092930386213,1.3188105351806543,103.84085187490123
103000471,GILSTEAD ROAD,E,3,20,29,1.3188105351806543 103.84085187490123 1.319061396656469 103.84092930386213,1.3188105351806543,103.84085187490123,1.319061396656469,103.84092930386213
103000474,MOULMEIN RISE,E,8,70,999,1.3193341206043803 103.84649970636902 1.318792210179824 103.84759767077377,1.3193341206043803,103.84649970636902,1.318792210179824,103.84759767077377
103000475,MOULMEIN RISE,E,8,70,999,1.318792210179824 103.84759767077377 1.3193341206043803 103.84649970636902,1.318792210179824,103.84759767077377,1.3193341206043803,103.84649970636902
103000476,GRANGE ROAD,C,8,70,999,1.2995966073516918 103.82492836261135 1.299590087190852 103.82502125420042,1.2995966073516918,103.82492836261135,1.299590087190852,103.82502125420042
103000486,UPPER WILKIE ROAD,E,2,10,19,1.3040286035789885 103.84718841611495 1.303500829348059 103.84807244793292,1.3040286035789885,103.84718841611495,1.303500829348059,103.84807244793292
103000487,UPPER WILKIE ROAD,E,2,10,19,1.303500829348059 103.84807244793292 1.3040286035789885 103.84718841611495,1.303500829348059,103.84807244793292,1.3040286035789885,103.84718841611495
103000488,JALAN BENAAN KAPAL,E,4,30,39,1.303806415521386 103.88260774967814 1.304792453252485 103.88350989144139,1.303806415521386,103.88260774967814,1.304792453252485,103.88350989144139
103000494,STEVENS ROAD,C,4,30,39,1.3126031583342976 103.83124637127273 1.3123210243571486 103.83235126377782,1.3126031583342976,103.83124637127273,1.3123210243571486,103.83235126377782
103000495,STEVENS ROAD,C,5,40,49,1.3123210243571486 103.83235126377782 1.3126031583342976 103.83124637127273,1.3123210243571486,103.83235126377782,1.3126031583342976,103.83124637127273
103000498,SYED ALWI ROAD,E,3,20,29,1.3068304068438552 103.85870764712449 1.3063839358022185 103.85912667113942,1.3068304068438552,103.85870764712449,1.3063839358022185,103.85912667113942
103000499,SYED ALWI ROAD,E,2,10,19,1.3063839358022185 103.85912667113942 1.3068304068438552 103.85870764712449,1.3063839358022185,103.85912667113942,1.3068304068438552,103.85870764712449
103000506,BUCKLEY ROAD,E,3,20,29,1.316224036531867 103.84001801202565 1.316912438354752 103.84022564204443,1.316224036531867,103.84001801202565,1.316912438354752,103.84022564204443
103000507,BUCKLEY ROAD,E,3,20,29,1.316912438354752 103.84022564204443 1.316224036531867 103.84001801202565,1.316912438354752,103.84022564204443,1.316224036531867,103.84001801202565
103000514,ARTHUR ROAD,E,3,20,29,1.3014384798662653 103.88794327377201 1.3007662685213992 103.88781914331392,1.3014384798662653,103.88794327377201,1.3007662685213992,103.88781914331392
103000515,ARTHUR ROAD,E,4,30,39,1.3007662685213992 103.88781914331392 1.3014384798662653 103.88794327377201,1.3007662685213992,103.88781914331392,1.3014384798662653,103.88794327377201
103000516,CHENG YAN PLACE,E,5,40,49,1.3003646841996643 103.85417742366865 1.2995900710274935 103.8549671753034,1.3003646841996643,103.85417742366865,1.2995900710274935,103.8549671753034
103000522,ANG MO KIO AVENUE 8,C,4,30,39,1.3807436860731306 103.84424669062072 1.3807128617466986 103.84499903089491,1.3807436860731306,103.84424669062072,1.3807128617466986,103.84499903089491
103000523,ANG MO KIO AVENUE 8,C,2,10,19,1.3807128617466986 103.84499903089491 1.3807436860731306 103.84424669062072,1.3807128617466986,103.84499903089491,1.3807436860731306,103.84424669062072
103000526,ANG MO KIO AVENUE 8,C,3,20,29,1.368574220333337 103.84998011317111 1.3690128206372936 103.84973096070034,1.368574220333337,103.84998011317111,1.3690128206372936,103.84973096070034
103000527,ANG MO KIO AVENUE 8,C,3,20,29,1.3690128206372936 103.84973096070034 1.368574220333337 103.84998011317111,1.3690128206372936,103.84973096070034,1.368574220333337,103.84998011317111
103000530,BEDOK NORTH AVENUE 1,C,3,20,29,1.3266284824846761 103.92688480413254 1.3257932174490585 103.92699111651997,1.3266284824846761,103.92688480413254,1.3257932174490585,103.92699111651997
103000531,BEDOK NORTH AVENUE 1,C,4,30,39,1.3257932174490585 103.92699111651997 1.3266284824846761 103.92688480413254,1.3257932174490585,103.92699111651997,1.3266284824846761,103.92688480413254
103000534,BEDOK NORTH AVENUE 1,C,3,20,29,1.3257932174490585 103.92699111651997 1.3253879069403292 103.92704270518263,1.3257932174490585,103.92699111651997,1.3253879069403292,103.92704270518263
103000535,BEDOK NORTH AVENUE 1,C,3,20,29,1.3253879069403292 103.92704270518263 1.3257932174490585 103.92699111651997,1.3253879069403292,103.92704270518263,1.3257932174490585,103.92699111651997
103000538,BEDOK NORTH AVENUE 3,C,4,30,39,1.3305807737063633 103.93447239316134 1.3299795120811468 103.9345891987128,1.3305807737063633,103.93447239316134,1.3299795120811468,103.9345891987128
103000539,BEDOK NORTH AVENUE 3,C,4,30,39,1.3299795120811468 103.9345891987128 1.3305807737063633 103.93447239316134,1.3299795120811468,103.9345891987128,1.3305807737063633,103.93447239316134
103000542,CHATSWORTH ROAD,D,3,20,29,1.299700019895312 103.82447173073814 1.2995966073516918 103.82492836261135,1.299700019895312,103.82447173073814,1.2995966073516918,103.82492836261135
103000543,CHATSWORTH ROAD,D,3,20,29,1.2995966073516918 103.82492836261135 1.299700019895312 103.82447173073814,1.2995966073516918,103.82492836261135,1.299700019895312,103.82447173073814
103000550,QUEEN STREET,C,4,30,39,1.2995260904869215 103.85348852047383 1.3003646841996643 103.85417742366865,1.2995260904869215,103.85348852047383,1.3003646841996643,103.85417742366865
103000551,QUEEN STREET,C,4,30,39,1.3003646841996643 103.85417742366865 1.2995260904869215 103.85348852047383,1.3003646841996643,103.85417742366865,1.2995260904869215,103.85348852047383
103000554,CHATSWORTH ROAD,D,4,30,39,1.299859186451872 103.82000765106312 1.2995256187143942 103.8196669425863,1.299859186451872,103.82000765106312,1.2995256187143942,103.8196669425863
103000555,CHATSWORTH ROAD,D,3,20,29,1.2995256187143942 103.8196669425863 1.299859186451872 103.82000765106312,1.2995256187143942,103.8196669425863,1.299859186451872,103.82000765106312
103000558,TANGLIN HILL,E,5,40,49,1.3011053085669935 103.81805296688717 1.3014774243966796 103.81754655338793,1.3011053085669935,103.81805296688717,1.3014774243966796,103.81754655338793
103000559,TANGLIN HILL,E,5,40,49,1.3014774243966796 103.81754655338793 1.3011053085669935 103.81805296688717,1.3014774243966796,103.81754655338793,1.3011053085669935,103.81805296688717
103000562,JAVA ROAD,D,4,30,39,1.301806472610639 103.86270975462338 1.3010613159329476 103.86316751887426,1.301806472610639,103.86270975462338,1.3010613159329476,103.86316751887426
103000563,JAVA ROAD,D,4,30,39,1.3010613159329476 103.86316751887426 1.301806472610639 103.86270975462338,1.3010613159329476,103.86316751887426,1.301806472610639,103.86270975462338
103000564,KAMPONG ARANG ROAD,F,5,40,49,1.3011202434375964 103.88493813701652 1.3010447762182693 103.88439916122353,1.3011202434375964,103.88493813701652,1.3010447762182693,103.88439916122353
103000568,KAMPONG ARANG ROAD,F,8,70,999,1.3010447762182693 103.88439916122353 1.301661818312337 103.88468093944955,1.3010447762182693,103.88439916122353,1.301661818312337,103.88468093944955
103000574,KAMPONG ARANG ROAD,E,8,70,999,1.3010999072766916 103.88345318308859 1.3010447762182693 103.88439916122353,1.3010999072766916,103.88345318308859,1.3010447762182693,103.88439916122353
103000575,KAMPONG ARANG ROAD,E,7,60,69,1.3010447762182693 103.88439916122353 1.3010999072766916 103.88345318308859,1.3010447762182693,103.88439916122353,1.3010999072766916,103.88345318308859
103000576,GRANGE ROAD,C,8,70,999,1.2997159390706274 103.82516587459126 1.2997838115829037 103.82514573798137,1.2997159390706274,103.82516587459126,1.2997838115829037,103.82514573798137
103000582,GRANGE ROAD,C,5,40,49,1.3045514800189688 103.82322716383942 1.3045308153176574 103.82323542156517,1.3045514800189688,103.82322716383942,1.3045308153176574,103.82323542156517
103000583,GRANGE ROAD,C,3,20,29,1.3045308153176574 103.82323542156517 1.3045514800189688 103.82322716383942,1.3045308153176574,103.82323542156517,1.3045514800189688,103.82322716383942
103000586,GRANGE ROAD,C,5,40,49,1.3045308153176574 103.82323542156517 1.3039803203240277 103.82345537893475,1.3045308153176574,103.82323542156517,1.3039803203240277,103.82345537893475
103000587,GRANGE ROAD,C,4,30,39,1.3039803203240277 103.82345537893475 1.3045308153176574 103.82323542156517,1.3039803203240277,103.82345537893475,1.3045308153176574,103.82323542156517
103000590,STEVENS ROAD,C,4,30,39,1.3123210243571486 103.83235126377782 1.3115941685350712 103.83315772987676,1.3123210243571486,103.83235126377782,1.3115941685350712,103.83315772987676
103000591,STEVENS ROAD,C,5,40,49,1.3115941685350712 103.83315772987676 1.3123210243571486 103.83235126377782,1.3115941685350712,103.83315772987676,1.3123210243571486,103.83235126377782
103000594,ANG MO KIO AVENUE 8,C,4,30,39,1.3802644454971402 103.84603776256378 1.379102983292406 103.84700021880467,1.3802644454971402,103.84603776256378,1.379102983292406,103.84700021880467
103000595,ANG MO KIO AVENUE 8,C,3,20,29,1.379102983292406 103.84700021880467 1.3802644454971402 103.84603776256378,1.379102983292406,103.84700021880467,1.3802644454971402,103.84603776256378
103000598,ANG MO KIO AVENUE 8,C,4,30,39,1.379102983292406 103.84700021880467 1.3777027981180603 103.84756217854924,1.379102983292406,103.84700021880467,1.3777027981180603,103.84756217854924
103000599,ANG MO KIO AVENUE 8,C,4,30,39,1.3777027981180603 103.84756217854924 1.379102983292406 103.84700021880467,1.3777027981180603,103.84756217854924,1.379102983292406,103.84700021880467
103000602,ANG MO KIO AVENUE 8,C,3,20,29,1.3662705961072554 103.85128868333194 1.367423231286439 103.85063393131084,1.3662705961072554,103.85128868333194,1.367423231286439,103.85063393131084
103000603,ANG MO KIO AVENUE 8,C,3,20,29,1.367423231286439 103.85063393131084 1.3662705961072554 103.85128868333194,1.367423231286439,103.85063393131084,1.3662705961072554,103.85128868333194
103000606,ANG MO KIO AVENUE 8,C,3,20,29,1.367423231286439 103.85063393131084 1.368574220333337 103.84998011317111,1.367423231286439,103.85063393131084,1.368574220333337,103.84998011317111
103000607,ANG MO KIO AVENUE 8,C,3,20,29,1.368574220333337 103.84998011317111 1.367423231286439 103.85063393131084,1.368574220333337,103.84998011317111,1.367423231286439,103.85063393131084
103000610,BEDOK NORTH AVENUE 3,C,3,20,29,1.3353186430332342 103.9335643527379 1.3362098473363948 103.93335267093885,1.3353186430332342,103.9335643527379,1.3362098473363948,103.93335267093885
103000611,BEDOK NORTH AVENUE 3,C,4,30,39,1.3362098473363948 103.93335267093885 1.3353186430332342 103.9335643527379,1.3362098473363948,103.93335267093885,1.3353186430332342,103.9335643527379
103000614,BEDOK NORTH AVENUE 3,C,4,30,39,1.3362098473363948 103.93335267093885 1.3374601217637425 103.93309717189955,1.3362098473363948,103.93335267093885,1.3374601217637425,103.93309717189955
103000615,BEDOK NORTH AVENUE 3,C,4,30,39,1.3374601217637425 103.93309717189955 1.3362098473363948 103.93335267093885,1.3374601217637425,103.93309717189955,1.3362098473363948,103.93335267093885
103000626,JALAN BATU,D,3,20,29,1.3026531717253007 103.88251914863919 1.30192621857122 103.88332575871391,1.3026531717253007,103.88251914863919,1.30192621857122,103.88332575871391
103000627,JALAN BATU,D,3,20,29,1.30192621857122 103.88332575871391 1.3026531717253007 103.88251914863919,1.30192621857122,103.88332575871391,1.3026531717253007,103.88251914863919
103000634,PRINSEP STREET,B,6,50,59,1.3010823775748162 103.8508158905501 1.3018059374798563 103.85141396748956,1.3010823775748162,103.8508158905501,1.3018059374798563,103.85141396748956
103000635,PRINSEP STREET,B,5,40,49,1.3018059374798563 103.85141396748956 1.3010823775748162 103.8508158905501,1.3018059374798563,103.85141396748956,1.3010823775748162,103.8508158905501
103000638,ANG MO KIO AVENUE 8,C,4,30,39,1.373800752801476 103.84807630025367 1.3738803459530748 103.84806725212309,1.373800752801476,103.84807630025367,1.3738803459530748,103.84806725212309
103000639,ANG MO KIO AVENUE 8,C,5,40,49,1.3738803459530748 103.84806725212309 1.373800752801476 103.84807630025367,1.3738803459530748,103.84806725212309,1.373800752801476,103.84807630025367
103000642,ANG MO KIO AVENUE 8,C,4,30,39,1.380684897925153 103.8451761128162 1.3806504496395628 103.84538452798964,1.380684897925153,103.8451761128162,1.3806504496395628,103.84538452798964
103000643,ANG MO KIO AVENUE 8,C,2,10,19,1.3806504496395628 103.84538452798964 1.380684897925153 103.8451761128162,1.3806504496395628,103.84538452798964,1.380684897925153,103.8451761128162
103000646,ANG MO KIO AVENUE 8,C,4,30,39,1.3806409717745074 103.84540967903897 1.3802644454971402 103.84603776256378,1.3806409717745074,103.84540967903897,1.3802644454971402,103.84603776256378
103000647,ANG MO KIO AVENUE 8,C,3,20,29,1.3802644454971402 103.84603776256378 1.3806409717745074 103.84540967903897,1.3802644454971402,103.84603776256378,1.3806409717745074,103.84540967903897
103000648,DORSET ROAD,D,3,20,29,1.3135747759643635 103.85056989112493 1.3133901063939397 103.85032404665321,1.3135747759643635,103.85056989112493,1.3133901063939397,103.85032404665321
103000652,DORSET ROAD,D,4,30,39,1.3139573638553332 103.85107793387837 1.3135747759643635 103.85056989112493,1.3139573638553332,103.85107793387837,1.3135747759643635,103.85056989112493
103000656,KOEK ROAD,D,1,0,9,1.3015437525944837 103.84091228655736 1.3008488303169885 103.84068798960408,1.3015437525944837,103.84091228655736,1.3008488303169885,103.84068798960408
103000660,KOEK ROAD,D,2,10,19,1.3008488303169885 103.84068798960408 1.3007305484074356 103.8407011799061,1.3008488303169885,103.84068798960408,1.3007305484074356,103.8407011799061
103000666,CHATSWORTH AVENUE,D,5,40,49,1.3013080492862406 103.8196580733416 1.3010301634253092 103.81935013436056,1.3013080492862406,103.8196580733416,1.3010301634253092,103.81935013436056
103000667,CHATSWORTH AVENUE,D,5,40,49,1.3010301634253092 103.81935013436056 1.3013080492862406 103.8196580733416,1.3010301634253092,103.81935013436056,1.3013080492862406,103.8196580733416
103000670,CHATSWORTH AVENUE,D,5,40,49,1.3010301634253092 103.81935013436056 1.301661814609994 103.81892884778986,1.3010301634253092,103.81935013436056,1.301661814609994,103.81892884778986
103000671,CHATSWORTH AVENUE,D,6,50,59,1.301661814609994 103.81892884778986 1.3010301634253092 103.81935013436056,1.301661814609994,103.81892884778986,1.3010301634253092,103.81935013436056
103000674,GRANGE GARDEN,E,5,40,49,1.3010236529646493 103.82333385320139 1.3011896344812637 103.82423937068208,1.3010236529646493,103.82333385320139,1.3011896344812637,103.82423937068208
103000675,GRANGE GARDEN,E,5,40,49,1.3011896344812637 103.82423937068208 1.3010236529646493 103.82333385320139,1.3011896344812637,103.82423937068208,1.3010236529646493,103.82333385320139
103000678,GRANGE ROAD,C,4,30,39,1.3010236529646493 103.82333385320139 1.302429931449246 103.82340946928127,1.3010236529646493,103.82333385320139,1.302429931449246,103.82340946928127
103000679,GRANGE ROAD,C,4,30,39,1.302429931449246 103.82340946928127 1.3010236529646493 103.82333385320139,1.302429931449246,103.82340946928127,1.3010236529646493,103.82333385320139
103000682,WALSHE ROAD,E,4,30,39,1.3125573734728961 103.82752137157676 1.313527241870939 103.82776519981492,1.3125573734728961,103.82752137157676,1.313527241870939,103.82776519981492
103000683,WALSHE ROAD,E,5,40,49,1.313527241870939 103.82776519981492 1.3125573734728961 103.82752137157676,1.313527241870939,103.82776519981492,1.3125573734728961,103.82752137157676
103000686,WALSHE ROAD,E,7,60,69,1.3125573734728961 103.82752137157676 1.3128379691247396 103.82687900682744,1.3125573734728961,103.82752137157676,1.3128379691247396,103.82687900682744
103000687,WALSHE ROAD,E,3,20,29,1.3128379691247396 103.82687900682744 1.3125573734728961 103.82752137157676,1.3128379691247396,103.82687900682744,1.3125573734728961,103.82752137157676
103000690,ANG MO KIO AVENUE 8,C,4,30,39,1.3758474480274783 103.8478437532391 1.376136862862823 103.84781087621323,1.3758474480274783,103.8478437532391,1.376136862862823,103.84781087621323
103000691,ANG MO KIO AVENUE 8,C,5,40,49,1.376136862862823 103.84781087621323 1.3758474480274783 103.8478437532391,1.376136862862823,103.84781087621323,1.3758474480274783,103.8478437532391
103000694,BEDOK NORTH AVENUE 1,C,3,20,29,1.3244923386287593 103.9271573268364 1.324804408829976 103.92711737993756,1.3244923386287593,103.9271573268364,1.324804408829976,103.92711737993756
103000695,BEDOK NORTH AVENUE 1,C,3,20,29,1.324804408829976 103.92711737993756 1.3244923386287593 103.9271573268364,1.324804408829976,103.92711737993756,1.3244923386287593,103.9271573268364
103000698,BEDOK NORTH AVENUE 1,C,3,20,29,1.324804408829976 103.92711737993756 1.3253879069403292 103.92704270518263,1.324804408829976,103.92711737993756,1.3253879069403292,103.92704270518263
103000699,BEDOK NORTH AVENUE 1,C,3,20,29,1.3253879069403292 103.92704270518263 1.324804408829976 103.92711737993756,1.3253879069403292,103.92704270518263,1.324804408829976,103.92711737993756
103000702,BEDOK NORTH AVENUE 3,C,3,20,29,1.3374601217637425 103.93309717189955 1.337960130498252 103.93298866434807,1.3374601217637425,103.93309717189955,1.337960130498252,103.93298866434807
103000703,BEDOK NORTH AVENUE 3,C,4,30,39,1.337960130498252 103.93298866434807 1.3374601217637425 103.93309717189955,1.337960130498252,103.93298866434807,1.3374601217637425,103.93309717189955
103000706,BEDOK NORTH AVENUE 3,C,5,40,49,1.332470690656717 103.93410855531661 1.3331261420447007 103.93398349405123,1.332470690656717,103.93410855531661,1.3331261420447007,103.93398349405123
103000707,BEDOK NORTH AVENUE 3,C,4,30,39,1.3331261420447007 103.93398349405123 1.332470690656717 103.93410855531661,1.3331261420447007,103.93398349405123,1.332470690656717,103.93410855531661
103000710,BEDOK NORTH AVENUE 3,C,4,30,39,1.331517421090297 103.93429044700035 1.3305807737063633 103.93447239316134,1.331517421090297,103.93429044700035,1.3305807737063633,103.93447239316134
103000711,BEDOK NORTH AVENUE 3,C,4,30,39,1.3305807737063633 103.93447239316134 1.331517421090297 103.93429044700035,1.3305807737063633,103.93447239316134,1.331517421090297,103.93429044700035
103000714,FERNHILL CRESCENT,E,6,50,59,1.3125268779505506 103.82436435407683 1.3135710366962168 103.82365928526495,1.3125268779505506,103.82436435407683,1.3135710366962168,103.82365928526495
103000715,FERNHILL CRESCENT,E,4,30,39,1.3135710366962168 103.82365928526495 1.3125268779505506 103.82436435407683,1.3135710366962168,103.82365928526495,1.3125268779505506,103.82436435407683
103000718,FERNHILL CRESCENT,E,6,50,59,1.3125268779505506 103.82436435407683 1.3127715602878596 103.82367702570646,1.3125268779505506,103.82436435407683,1.3127715602878596,103.82367702570646
103000719,FERNHILL CRESCENT,E,6,50,59,1.3127715602878596 103.82367702570646 1.3125268779505506 103.82436435407683,1.3127715602878596,103.82367702570646,1.3125268779505506,103.82436435407683
103000720,PETAIN ROAD,E,2,10,19,1.312526882962598 103.85772496096 1.3128994765010902 103.85727722633219,1.312526882962598,103.85772496096,1.3128994765010902,103.85727722633219
103000726,LORONG TAHAR,E,6,50,59,1.3124852352944107 103.87542930190754 1.312609280269797 103.87582290449367,1.3124852352944107,103.87542930190754,1.312609280269797,103.87582290449367
103000727,LORONG TAHAR,E,8,70,999,1.312609280269797 103.87582290449367 1.3124852352944107 103.87542930190754,1.312609280269797,103.87582290449367,1.3124852352944107,103.87542930190754
103000732,PETAIN ROAD,E,3,20,29,1.3123222590147685 103.85796897801305 1.312526882962598 103.85772496096,1.3123222590147685,103.85796897801305,1.312526882962598,103.85772496096
103000738,WINSTEDT DRIVE,E,5,40,49,1.3108593785553044 103.84350297459066 1.3101593752468101 103.84297256751098,1.3108593785553044,103.84350297459066,1.3101593752468101,103.84297256751098
103000739,WINSTEDT DRIVE,E,5,40,49,1.3101593752468101 103.84297256751098 1.3108593785553044 103.84350297459066,1.3101593752468101,103.84297256751098,1.3108593785553044,103.84350297459066
103000742,WINSTEDT DRIVE,E,4,30,39,1.3104800021662708 103.84230465051553 1.3101593752468101 103.84297256751098,1.3104800021662708,103.84230465051553,1.3101593752468101,103.84297256751098
103000743,WINSTEDT DRIVE,E,4,30,39,1.3101593752468101 103.84297256751098 1.3104800021662708 103.84230465051553,1.3101593752468101,103.84297256751098,1.3104800021662708,103.84230465051553
103000746,DRAYCOTT PARK,D,4,30,39,1.3101476274410442 103.83149312374148 1.3105190500950636 103.83157663459096,1.3101476274410442,103.83149312374148,1.3105190500950636,103.83157663459096
103000747,DRAYCOTT PARK,D,2,10,19,1.3105190500950636 103.83157663459096 1.3101476274410442 103.83149312374148,1.3105190500950636,103.83157663459096,1.3101476274410442,103.83149312374148
103000750,LADY HILL ROAD,E,2,10,19,1.3103806026536704 103.8241463378636 1.3105467476055914 103.82289491045184,1.3103806026536704,103.8241463378636,1.3105467476055914,103.82289491045184
103000751,LADY HILL ROAD,E,2,10,19,1.3105467476055914 103.82289491045184 1.3103806026536704 103.8241463378636,1.3105467476055914,103.82289491045184,1.3103806026536704,103.8241463378636
103000754,PASAR LANE,E,2,10,19,1.3049729085760269 103.85548999567351 1.305445507613457 103.85592178752432,1.3049729085760269,103.85548999567351,1.305445507613457,103.85592178752432
103000755,PASAR LANE,E,2,10,19,1.305445507613457 103.85592178752432 1.3049729085760269 103.85548999567351,1.305445507613457,103.85592178752432,1.3049729085760269,103.85548999567351
103000758,WELD ROAD,E,2,10,19,1.3049729085760269 103.85548999567351 1.305277654723263 103.85522047922288,1.3049729085760269,103.85548999567351,1.305277654723263,103.85522047922288
103000759,WELD ROAD,E,2,10,19,1.305277654723263 103.85522047922288 1.3049729085760269 103.85548999567351,1.305277654723263,103.85522047922288,1.3049729085760269,103.85548999567351
103000762,WILKINSON ROAD,E,3,20,29,1.3022870043432744 103.8856082959333 1.302366905524733 103.88686503022434,1.3022870043432744,103.8856082959333,1.302366905524733,103.88686503022434
103000763,WILKINSON ROAD,E,2,10,19,1.302366905524733 103.88686503022434 1.3022870043432744 103.8856082959333,1.302366905524733,103.88686503022434,1.3022870043432744,103.8856082959333
103000766,SHERWOOD ROAD,E,2,10,19,1.3048813899663965 103.81904560462948 1.3054979109686005 103.81861041689989,1.3048813899663965,103.81904560462948,1.3054979109686005,103.81861041689989
103000767,SHERWOOD ROAD,E,2,10,19,1.3054979109686005 103.81861041689989 1.3048813899663965 103.81904560462948,1.3054979109686005,103.81861041689989,1.3048813899663965,103.81904560462948
103000768,BIDEFORD ROAD,C,4,30,39,1.304865918473938 103.836845680642 1.3052352879030098 103.83703400759208,1.304865918473938,103.836845680642,1.3052352879030098,103.83703400759208
103000774,SHERWOOD ROAD,E,2,10,19,1.3048813899663965 103.81904560462948 1.3048570162708006 103.8188603154509,1.3048813899663965,103.81904560462948,1.3048570162708006,103.8188603154509
103000775,SHERWOOD ROAD,E,2,10,19,1.3048570162708006 103.8188603154509 1.3048813899663965 103.81904560462948,1.3048570162708006,103.8188603154509,1.3048813899663965,103.81904560462948
103000778,WIMBORNE ROAD,E,2,10,19,1.3048447737796065 103.88599980938392 1.3048700607466412 103.88638311181344,1.3048447737796065,103.88599980938392,1.3048700607466412,103.88638311181344
103000779,WIMBORNE ROAD,E,2,10,19,1.3048700607466412 103.88638311181344 1.3048447737796065 103.88599980938392,1.3048700607466412,103.88638311181344,1.3048447737796065,103.88599980938392
103000782,WIMBORNE ROAD,E,2,10,19,1.3048447737796065 103.88599980938392 1.3054374136970703 103.88595734741624,1.3048447737796065,103.88599980938392,1.3054374136970703,103.88595734741624
103000783,WIMBORNE ROAD,E,2,10,19,1.3054374136970703 103.88595734741624 1.3048447737796065 103.88599980938392,1.3054374136970703,103.88595734741624,1.3048447737796065,103.88599980938392
103000786,BEDOK NORTH AVENUE 4,D,3,20,29,1.3361429287690658 103.94374496770426 1.336497586014281 103.94409316516534,1.3361429287690658,103.94374496770426,1.336497586014281,103.94409316516534
103000787,BEDOK NORTH AVENUE 4,D,5,40,49,1.336497586014281 103.94409316516534 1.3361429287690658 103.94374496770426,1.336497586014281,103.94409316516534,1.3361429287690658,103.94374496770426
103000792,SCOTTS ROAD,F,4,30,39,1.3057800978363552 103.83226794405363 1.3048026423179848 103.83228309396262,1.3057800978363552,103.83226794405363,1.3048026423179848,103.83228309396262
103000798,SUNGEI ROAD,B,2,10,19,1.3047845551566757 103.85663682706912 1.3051147088162958 103.8569308256185,1.3047845551566757,103.85663682706912,1.3051147088162958,103.8569308256185
103000799,SUNGEI ROAD,B,2,10,19,1.3051147088162958 103.8569308256185 1.3047845551566757 103.85663682706912,1.3051147088162958,103.8569308256185,1.3047845551566757,103.85663682706912
103000802,PITT STREET,E,4,30,39,1.3052169542710033 103.85617451974063 1.3047845551566757 103.85663682706912,1.3052169542710033,103.85617451974063,1.3047845551566757,103.85663682706912
103000803,PITT STREET,E,4,30,39,1.3047845551566757 103.85663682706912 1.3052169542710033 103.85617451974063,1.3047845551566757,103.85663682706912,1.3052169542710033,103.85617451974063
103000806,KAY SIANG ROAD,E,2,10,19,1.2981535674737417 103.81050245388612 1.2982810361681365 103.81033620407007,1.2981535674737417,103.81050245388612,1.2982810361681365,103.81033620407007
103000807,KAY SIANG ROAD,E,3,20,29,1.2982810361681365 103.81033620407007 1.2981535674737417 103.81050245388612,1.2982810361681365,103.81033620407007,1.2981535674737417,103.81050245388612
103000810,TANJONG RHU ROAD,B,3,20,29,1.29805905086128 103.88406707129168 1.29970190934658 103.88411348692426,1.29805905086128,103.88406707129168,1.29970190934658,103.88411348692426
103000811,TANJONG RHU ROAD,B,6,50,59,1.29970190934658 103.88411348692426 1.29805905086128 103.88406707129168,1.29970190934658,103.88411348692426,1.29805905086128,103.88406707129168
103000814,KAY SIANG ROAD,E,2,10,19,1.2982810361681365 103.81033620407007 1.2980452392774777 103.81013262302979,1.2982810361681365,103.81033620407007,1.2980452392774777,103.81013262302979
103000815,KAY SIANG ROAD,E,2,10,19,1.2980452392774777 103.81013262302979 1.2982810361681365 103.81033620407007,1.2980452392774777,103.81013262302979,1.2982810361681365,103.81033620407007
103000818,KAY SIANG ROAD,E,2,10,19,1.2980452392774777 103.81013262302979 1.2982246918341682 103.8100743238392,1.2980452392774777,103.81013262302979,1.2982246918341682,103.8100743238392
103000819,KAY SIANG ROAD,E,2,10,19,1.2982246918341682 103.8100743238392 1.2980452392774777 103.81013262302979,1.2982246918341682,103.8100743238392,1.2980452392774777,103.81013262302979
103000822,ONE TREE HILL,E,8,70,999,1.3010091268966202 103.8253010925262 1.3013868725098114 103.8257790456515,1.3010091268966202,103.8253010925262,1.3013868725098114,103.8257790456515
103000823,ONE TREE HILL,E,8,70,999,1.3013868725098114 103.8257790456515 1.3010091268966202 103.8253010925262,1.3013868725098114,103.8257790456515,1.3010091268966202,103.8253010925262
103000826,LENGKOK MERAK,E,8,70,999,1.3010091268966202 103.8253010925262 1.3019154913408086 103.82562409886084,1.3010091268966202,103.8253010925262,1.3019154913408086,103.82562409886084
103000827,LENGKOK MERAK,E,8,70,999,1.3019154913408086 103.82562409886084 1.3010091268966202 103.8253010925262,1.3019154913408086,103.82562409886084,1.3010091268966202,103.8253010925262
103000830,RIDLEY PARK,E,6,50,59,1.3009866921398463 103.81411709648594 1.3013910245397402 103.8141127804082,1.3009866921398463,103.81411709648594,1.3013910245397402,103.8141127804082
103000831,RIDLEY PARK,E,6,50,59,1.3013910245397402 103.8141127804082 1.3009866921398463 103.81411709648594,1.3013910245397402,103.8141127804082,1.3009866921398463,103.81411709648594
103000834,GOODMAN ROAD,E,3,20,29,1.3022870043432744 103.8856082959333 1.3031834748663926 103.88554985502151,1.3022870043432744,103.8856082959333,1.3031834748663926,103.88554985502151
103000835,GOODMAN ROAD,E,3,20,29,1.3031834748663926 103.88554985502151 1.3022870043432744 103.8856082959333,1.3031834748663926,103.88554985502151,1.3022870043432744,103.8856082959333
103000838,JALAN TUPAI,E,8,70,999,1.3022836478769049 103.82877814631033 1.3025271098303324 103.82774617488765,1.3022836478769049,103.82877814631033,1.3025271098303324,103.82774617488765
103000839,JALAN TUPAI,E,8,70,999,1.3025271098303324 103.82774617488765 1.3022836478769049 103.82877814631033,1.3025271098303324,103.82774617488765,1.3022836478769049,103.82877814631033
103000842,BIDEFORD ROAD,C,4,30,39,1.303367431108309 103.83695623568973 1.3022825552999076 103.83682781397152,1.303367431108309,103.83695623568973,1.3022825552999076,103.83682781397152
103000843,BIDEFORD ROAD,C,2,10,19,1.3022825552999076 103.83682781397152 1.303367431108309 103.83695623568973,1.3022825552999076,103.83682781397152,1.303367431108309,103.83695623568973
103000844,CABLE ROAD,E,3,20,29,1.2960654096709168 103.82596149276202 1.2950687499722084 103.82457458512825,1.2960654096709168,103.82596149276202,1.2950687499722084,103.82457458512825
103000850,CABLE ROAD,E,4,30,39,1.2950687499722084 103.82457458512825 1.296280223288126 103.82330040109034,1.2950687499722084,103.82457458512825,1.296280223288126,103.82330040109034
103000851,CABLE ROAD,E,4,30,39,1.296280223288126 103.82330040109034 1.2950687499722084 103.82457458512825,1.296280223288126,103.82330040109034,1.2950687499722084,103.82457458512825
103000854,JALAN KUALA,E,3,20,29,1.2959196449682264 103.8354990479806 1.2950148913365573 103.83540405321959,1.2959196449682264,103.8354990479806,1.2950148913365573,103.83540405321959
103000855,JALAN KUALA,E,3,20,29,1.2950148913365573 103.83540405321959 1.2959196449682264 103.8354990479806,1.2950148913365573,103.83540405321959,1.2959196449682264,103.8354990479806
103000858,CARPENTER STREET,D,3,20,29,1.2885670134046823 103.84714396212335 1.2876813975832344 103.8484550719313,1.2885670134046823,103.84714396212335,1.2876813975832344,103.8484550719313
103000859,CARPENTER STREET,D,3,20,29,1.2876813975832344 103.8484550719313 1.2885670134046823 103.84714396212335,1.2876813975832344,103.8484550719313,1.2885670134046823,103.84714396212335
103000862,HOOPER ROAD,E,5,40,49,1.3115598539922761 103.84356326107677 1.3109616270123052 103.8432595670941,1.3115598539922761,103.84356326107677,1.3109616270123052,103.8432595670941
103000863,HOOPER ROAD,E,6,50,59,1.3109616270123052 103.8432595670941 1.3115598539922761 103.84356326107677,1.3109616270123052,103.8432595670941,1.3115598539922761,103.84356326107677
103000864,HAMILTON ROAD,E,2,10,19,1.3120101853447135 103.86178507739291 1.3109572673338927 103.86038505459275,1.3120101853447135,103.86178507739291,1.3109572673338927,103.86038505459275
103000870,HORNE ROAD,E,7,60,69,1.3109572673338927 103.86038505459275 1.3113764532698613 103.86002491168635,1.3109572673338927,103.86038505459275,1.3113764532698613,103.86002491168635
103000871,HORNE ROAD,E,3,20,29,1.3113764532698613 103.86002491168635 1.3109572673338927 103.86038505459275,1.3113764532698613,103.86002491168635,1.3109572673338927,103.86038505459275
103000874,BEDOK RESERVOIR ROAD,C,3,20,29,1.338115027636161 103.93370315844263 1.3383570201169084 103.93428755405625,1.338115027636161,103.93370315844263,1.3383570201169084,103.93428755405625
103000875,BEDOK RESERVOIR ROAD,C,4,30,39,1.3383570201169084 103.93428755405625 1.338115027636161 103.93370315844263,1.3383570201169084,103.93428755405625,1.338115027636161,103.93370315844263
103000878,ANGULLIA PARK,E,8,70,999,1.3041457908670204 103.82980042827975 1.3031629356028471 103.82935354671685,1.3041457908670204,103.82980042827975,1.3031629356028471,103.82935354671685
103000879,ANGULLIA PARK,E,8,70,999,1.3031629356028471 103.82935354671685 1.3041457908670204 103.82980042827975,1.3031629356028471,103.82935354671685,1.3041457908670204,103.82980042827975
103000882,ANGULLIA PARK,E,3,20,29,1.3031629356028471 103.82935354671685 1.3022836478769049 103.82877814631033,1.3031629356028471,103.82935354671685,1.3022836478769049,103.82877814631033
103000883,ANGULLIA PARK,E,8,70,999,1.3022836478769049 103.82877814631033 1.3031629356028471 103.82935354671685,1.3022836478769049,103.82877814631033,1.3031629356028471,103.82935354671685
103000886,BEDOK RESERVOIR ROAD,C,3,20,29,1.3325819300928987 103.91292220139155 1.3331715249190608 103.91363120796856,1.3325819300928987,103.91292220139155,1.3331715249190608,103.91363120796856
103000887,BEDOK RESERVOIR ROAD,C,3,20,29,1.3331715249190608 103.91363120796856 1.3325819300928987 103.91292220139155,1.3331715249190608,103.91363120796856,1.3325819300928987,103.91292220139155
103000890,BEDOK RESERVOIR ROAD,C,3,20,29,1.3331715249190608 103.91363120796856 1.3340305501607592 103.91398715396191,1.3331715249190608,103.91363120796856,1.3340305501607592,103.91398715396191
103000891,BEDOK RESERVOIR ROAD,C,4,30,39,1.3340305501607592 103.91398715396191 1.3331715249190608 103.91363120796856,1.3340305501607592,103.91398715396191,1.3331715249190608,103.91363120796856
103000894,BEDOK RESERVOIR ROAD,C,3,20,29,1.3316242065559465 103.91016444097393 1.3319487918753772 103.91158861675343,1.3316242065559465,103.91016444097393,1.3319487918753772,103.91158861675343
103000895,BEDOK RESERVOIR ROAD,C,3,20,29,1.3319487918753772 103.91158861675343 1.3316242065559465 103.91016444097393,1.3319487918753772,103.91158861675343,1.3316242065559465,103.91016444097393
103000898,BEDOK RESERVOIR ROAD,C,4,30,39,1.3442572577298928 103.93831348602518 1.3443948102538565 103.9383384628674,1.3442572577298928,103.93831348602518,1.3443948102538565,103.9383384628674
103000899,BEDOK RESERVOIR ROAD,C,4,30,39,1.3443948102538565 103.9383384628674 1.3442572577298928 103.93831348602518,1.3443948102538565,103.9383384628674,1.3442572577298928,103.93831348602518
103000902,BEDOK RESERVOIR ROAD,C,3,20,29,1.3378762966441458 103.91604470688691 1.3380931134273595 103.91723161005793,1.3378762966441458,103.91604470688691,1.3380931134273595,103.91723161005793
103000903,BEDOK RESERVOIR ROAD,C,4,30,39,1.3380931134273595 103.91723161005793 1.3378762966441458 103.91604470688691,1.3380931134273595,103.91723161005793,1.3378762966441458,103.91604470688691
103000906,BEDOK RESERVOIR ROAD,C,4,30,39,1.3380931134273595 103.91723161005793 1.3381325711963585 103.91748274929562,1.3380931134273595,103.91723161005793,1.3381325711963585,103.91748274929562
103000907,BEDOK RESERVOIR ROAD,C,4,30,39,1.3381325711963585 103.91748274929562 1.3380931134273595 103.91723161005793,1.3381325711963585,103.91748274929562,1.3380931134273595,103.91723161005793
103000910,BEDOK RESERVOIR ROAD,C,3,20,29,1.3313291785543604 103.90713830378151 1.3316420691276942 103.90777636841813,1.3313291785543604,103.90713830378151,1.3316420691276942,103.90777636841813
103000911,BEDOK RESERVOIR ROAD,C,3,20,29,1.3316420691276942 103.90777636841813 1.3313291785543604 103.90713830378151,1.3316420691276942,103.90777636841813,1.3313291785543604,103.90713830378151
103000914,BEDOK RESERVOIR ROAD,C,3,20,29,1.3316420691276942 103.90777636841813 1.3316948986769936 103.90935878927051,1.3316420691276942,103.90777636841813,1.3316948986769936,103.90935878927051
103000915,BEDOK RESERVOIR ROAD,C,3,20,29,1.3316948986769936 103.90935878927051 1.3316420691276942 103.90777636841813,1.3316948986769936,103.90935878927051,1.3316420691276942,103.90777636841813
103000918,BEDOK RESERVOIR ROAD,C,3,20,29,1.3439953924596793 103.93826570742942 1.3442572577298928 103.93831348602518,1.3439953924596793,103.93826570742942,1.3442572577298928,103.93831348602518
103000919,BEDOK RESERVOIR ROAD,C,4,30,39,1.3442572577298928 103.93831348602518 1.3439953924596793 103.93826570742942,1.3442572577298928,103.93831348602518,1.3439953924596793,103.93826570742942
103000922,BEDOK RESERVOIR ROAD,C,3,20,29,1.3368459227822735 103.91349383891486 1.3375156304908398 103.91487885234604,1.3368459227822735,103.91349383891486,1.3375156304908398,103.91487885234604
103000923,BEDOK RESERVOIR ROAD,C,4,30,39,1.3375156304908398 103.91487885234604 1.3368459227822735 103.91349383891486,1.3375156304908398,103.91487885234604,1.3368459227822735,103.91349383891486
103000926,BEDOK RESERVOIR ROAD,C,3,20,29,1.3375156304908398 103.91487885234604 1.3378762966441458 103.91604470688691,1.3375156304908398,103.91487885234604,1.3378762966441458,103.91604470688691
103000927,BEDOK RESERVOIR ROAD,C,4,30,39,1.3378762966441458 103.91604470688691 1.3375156304908398 103.91487885234604,1.3378762966441458,103.91604470688691,1.3375156304908398,103.91487885234604
103000930,TALMA ROAD,E,6,50,59,1.3108981274496783 103.87714337370616 1.3110113702489334 103.87775037224722,1.3108981274496783,103.87714337370616,1.3110113702489334,103.87775037224722
103000931,TALMA ROAD,E,5,40,49,1.3110113702489334 103.87775037224722 1.3108981274496783 103.87714337370616,1.3110113702489334,103.87775037224722,1.3108981274496783,103.87714337370616
103000936,ORANGE GROVE ROAD,F,5,40,49,1.3141261346143287 103.82596500741973 1.3147932311346617 103.82629209573213,1.3141261346143287,103.82596500741973,1.3147932311346617,103.82629209573213
103000942,TESSENSOHN ROAD,D,2,10,19,1.3148829614655 103.85573716606248 1.3141337207319783 103.85491622616078,1.3148829614655,103.85573716606248,1.3141337207319783,103.85491622616078
103000943,TESSENSOHN ROAD,D,4,30,39,1.3141337207319783 103.85491622616078 1.3148829614655 103.85573716606248,1.3141337207319783,103.85491622616078,1.3148829614655,103.85573716606248
103000950,KELANTAN LANE,E,3,20,29,1.3068028767465807 103.85699202345181 1.306434127199633 103.85739940333855,1.3068028767465807,103.85699202345181,1.306434127199633,103.85739940333855
103000951,KELANTAN LANE,E,2,10,19,1.306434127199633 103.85739940333855 1.3068028767465807 103.85699202345181,1.306434127199633,103.85739940333855,1.3068028767465807,103.85699202345181
103000952,KAMPONG KAPOR ROAD,E,3,20,29,1.3064163082912195 103.85365896674597 1.3069081713629047 103.85399994248284,1.3064163082912195,103.85365896674597,1.3069081713629047,103.85399994248284
103000956,UPPER WELD ROAD,D,2,10,19,1.3064163082912195 103.85365896674597 1.306893179904927 103.85364561816444,1.3064163082912195,103.85365896674597,1.306893179904927,103.85364561816444
103000960,VEERASAMY ROAD,E,4,30,39,1.306396727200617 103.85594795272537 1.3070728937390994 103.85490426894879,1.306396727200617,103.85594795272537,1.3070728937390994,103.85490426894879
103000966,RACE COURSE ROAD,D,3,20,29,1.306712724555774 103.84974167110374 1.3065860327220915 103.84964712513366,1.306712724555774,103.84974167110374,1.3065860327220915,103.84964712513366
103000967,RACE COURSE ROAD,D,5,40,49,1.3065860327220915 103.84964712513366 1.306712724555774 103.84974167110374,1.3065860327220915,103.84964712513366,1.306712724555774,103.84974167110374
103000970,LINCOLN ROAD,E,3,20,29,1.3135785082460492 103.84261502964878 1.3147915862600077 103.84277519172518,1.3135785082460492,103.84261502964878,1.3147915862600077,103.84277519172518
103000971,LINCOLN ROAD,E,3,20,29,1.3147915862600077 103.84277519172518 1.3135785082460492 103.84261502964878,1.3147915862600077,103.84277519172518,1.3135785082460492,103.84261502964878
103000974,LINCOLN ROAD,E,2,10,19,1.3147915862600077 103.84277519172518 1.315854648211366 103.84294233512517,1.3147915862600077,103.84277519172518,1.315854648211366,103.84294233512517
103000975,LINCOLN ROAD,E,2,10,19,1.315854648211366 103.84294233512517 1.3147915862600077 103.84277519172518,1.315854648211366,103.84294233512517,1.3147915862600077,103.84277519172518
103000978,MINTO ROAD,E,3,20,29,1.3024905994868776 103.86174068091944 1.3029220018190328 103.86232921536688,1.3024905994868776,103.86174068091944,1.3029220018190328,103.86232921536688
103000979,MINTO ROAD,E,3,20,29,1.3029220018190328 103.86232921536688 1.3024905994868776 103.86174068091944,1.3029220018190328,103.86232921536688,1.3024905994868776,103.86174068091944
103000980,BIDEFORD ROAD,C,5,40,49,1.302472770809991 103.83647688713734 1.303367431108309 103.83695623568973,1.302472770809991,103.83647688713734,1.303367431108309,103.83695623568973
103000986,KANDAHAR STREET,E,3,20,29,1.3030837729876676 103.85917081005064 1.3024623974822258 103.85961424505442,1.3030837729876676,103.85917081005064,1.3024623974822258,103.85961424505442
103000987,KANDAHAR STREET,E,3,20,29,1.3024623974822258 103.85961424505442 1.3030837729876676 103.85917081005064,1.3024623974822258,103.85961424505442,1.3030837729876676,103.85917081005064
103000988,CUPPAGE ROAD,E,3,20,29,1.3024590972915757 103.84059908315483 1.3028799250818761 103.84069188619374,1.3024590972915757,103.84059908315483,1.3028799250818761,103.84069188619374
103000994,CUPPAGE ROAD,E,2,10,19,1.3024590972915757 103.84059908315483 1.3026246610998955 103.83996913104441,1.3024590972915757,103.84059908315483,1.3026246610998955,103.83996913104441
103000995,CUPPAGE ROAD,E,6,50,59,1.3026246610998955 103.83996913104441 1.3024590972915757 103.84059908315483,1.3026246610998955,103.83996913104441,1.3024590972915757,103.84059908315483
103000998,ARTHUR ROAD,E,2,10,19,1.3024467879891048 103.88812157587378 1.3033228152989749 103.8882730626597,1.3024467879891048,103.88812157587378,1.3033228152989749,103.8882730626597
103000999,ARTHUR ROAD,E,2,10,19,1.3033228152989749 103.8882730626597 1.3024467879891048 103.88812157587378,1.3033228152989749,103.8882730626597,1.3024467879891048,103.88812157587378
103001002,BEDOK RESERVOIR ROAD,C,4,30,39,1.34033817545588 103.93636757240168 1.3414544578880896 103.93700564947514,1.34033817545588,103.93636757240168,1.3414544578880896,103.93700564947514
103001003,BEDOK RESERVOIR ROAD,C,4,30,39,1.3414544578880896 103.93700564947514 1.34033817545588 103.93636757240168,1.3414544578880896,103.93700564947514,1.34033817545588,103.93636757240168
103001006,BEDOK RESERVOIR ROAD,C,5,40,49,1.3414544578880896 103.93700564947514 1.3425987954630587 103.93759652704715,1.3414544578880896,103.93700564947514,1.3425987954630587,103.93759652704715
103001007,BEDOK RESERVOIR ROAD,C,4,30,39,1.3425987954630587 103.93759652704715 1.3414544578880896 103.93700564947514,1.3425987954630587,103.93759652704715,1.3414544578880896,103.93700564947514
103001010,BEDOK RESERVOIR ROAD,C,4,30,39,1.3379520601149266 103.93151372717654 1.3378617043922947 103.93242761921088,1.3379520601149266,103.93151372717654,1.3378617043922947,103.93242761921088
103001011,BEDOK RESERVOIR ROAD,C,4,30,39,1.3378617043922947 103.93242761921088 1.3379520601149266 103.93151372717654,1.3378617043922947,103.93242761921088,1.3379520601149266,103.93151372717654
103001014,JALAN SULTAN,C,3,20,29,1.3041716079250012 103.86070305839088 1.3033318543866834 103.8612214025896,1.3041716079250012,103.86070305839088,1.3033318543866834,103.8612214025896
103001015,JALAN SULTAN,C,4,30,39,1.3033318543866834 103.8612214025896 1.3041716079250012 103.86070305839088,1.3033318543866834,103.8612214025896,1.3041716079250012,103.86070305839088
103001018,BISHAN ROAD,C,3,20,29,1.349455495087144 103.84747160828421 1.3508288520103235 103.84777910458106,1.349455495087144,103.84747160828421,1.3508288520103235,103.84777910458106
103001019,BISHAN ROAD,C,4,30,39,1.3508288520103235 103.84777910458106 1.349455495087144 103.84747160828421,1.3508288520103235,103.84777910458106,1.349455495087144,103.84747160828421
103001022,BISHAN ROAD,C,3,20,29,1.3488913352141585 103.84734529408348 1.349455495087144 103.84747160828421,1.3488913352141585,103.84734529408348,1.349455495087144,103.84747160828421
103001023,BISHAN ROAD,C,3,20,29,1.349455495087144 103.84747160828421 1.3488913352141585 103.84734529408348,1.349455495087144,103.84747160828421,1.3488913352141585,103.84734529408348
103001034,BOON LAY AVENUE,C,4,30,39,1.3472543044108394 103.71041686476453 1.3458977909039784 103.70976275448838,1.3472543044108394,103.71041686476453,1.3458977909039784,103.70976275448838
103001035,BOON LAY AVENUE,C,4,30,39,1.3458977909039784 103.70976275448838 1.3472543044108394 103.71041686476453,1.3458977909039784,103.70976275448838,1.3472543044108394,103.71041686476453
103001038,BOON LAY AVENUE,C,4,30,39,1.3458977909039784 103.70976275448838 1.3455495249467528 103.70930947581078,1.3458977909039784,103.70976275448838,1.3455495249467528,103.70930947581078
103001039,BOON LAY AVENUE,C,4,30,39,1.3455495249467528 103.70930947581078 1.3458977909039784 103.70976275448838,1.3455495249467528,103.70930947581078,1.3458977909039784,103.70976275448838
103001042,BOON LAY AVENUE,C,4,30,39,1.3440545475479635 103.70714324306503 1.344343928501278 103.7075515692584,1.3440545475479635,103.70714324306503,1.344343928501278,103.7075515692584
103001043,BOON LAY AVENUE,C,2,10,19,1.344343928501278 103.7075515692584 1.3440545475479635 103.70714324306503,1.344343928501278,103.7075515692584,1.3440545475479635,103.70714324306503
103001044,MOULMEIN ROAD,F,8,70,999,1.31886026171601 103.84792388137056 1.319450709571759 103.84838600107199,1.31886026171601,103.84792388137056,1.319450709571759,103.84838600107199
103001048,MOULMEIN ROAD,F,4,30,39,1.3190500932755969 103.85122896251939 1.3189656799602085 103.85242780063555,1.3190500932755969,103.85122896251939,1.3189656799602085,103.85242780063555
103001054,WORCESTER ROAD,E,3,20,29,1.313358012769702 103.85249622747389 1.313597881369882 103.85314368834017,1.313358012769702,103.85249622747389,1.313597881369882,103.85314368834017
103001055,WORCESTER ROAD,E,3,20,29,1.313597881369882 103.85314368834017 1.313358012769702 103.85249622747389,1.313597881369882,103.85314368834017,1.313358012769702,103.85249622747389
103001058,WINSTEDT DRIVE,E,3,20,29,1.3099261678549536 103.84267399691635 1.3101593752468101 103.84297256751098,1.3099261678549536,103.84267399691635,1.3101593752468101,103.84297256751098
103001059,WINSTEDT DRIVE,E,2,10,19,1.3101593752468101 103.84297256751098 1.3099261678549536 103.84267399691635,1.3101593752468101,103.84297256751098,1.3099261678549536,103.84267399691635
103001066,DRAYCOTT PARK,D,4,30,39,1.3099035483864083 103.83141667541084 1.3101476274410442 103.83149312374148,1.3099035483864083,103.83141667541084,1.3101476274410442,103.83149312374148
103001067,DRAYCOTT PARK,D,3,20,29,1.3101476274410442 103.83149312374148 1.3099035483864083 103.83141667541084,1.3101476274410442,103.83149312374148,1.3099035483864083,103.83141667541084
103001070,DRAYCOTT PARK,D,4,30,39,1.3099035483864083 103.83141667541084 1.3101156398782912 103.83126111851554,1.3099035483864083,103.83141667541084,1.3101156398782912,103.83126111851554
103001071,DRAYCOTT PARK,D,4,30,39,1.3101156398782912 103.83126111851554 1.3099035483864083 103.83141667541084,1.3101156398782912,103.83126111851554,1.3099035483864083,103.83141667541084
103001074,NASSIM ROAD,D,5,40,49,1.31058157265364 103.82052243609898 1.3098953706522087 103.8210801506698,1.31058157265364,103.82052243609898,1.3098953706522087,103.8210801506698
103001075,NASSIM ROAD,D,2,10,19,1.3098953706522087 103.8210801506698 1.31058157265364 103.82052243609898,1.3098953706522087,103.8210801506698,1.31058157265364,103.82052243609898
103001076,STEVENS ROAD,C,4,30,39,1.310822121421863 103.83333771825176 1.3098922536055888 103.83345390955975,1.310822121421863,103.83333771825176,1.3098922536055888,103.83345390955975
103001082,KING GEORGES AVENUE,D,3,20,29,1.3077282875177416 103.85955238978066 1.3072420606194894 103.85909560812084,1.3077282875177416,103.85955238978066,1.3072420606194894,103.85909560812084
103001083,KING GEORGES AVENUE,D,2,10,19,1.3072420606194894 103.85909560812084 1.3077282875177416 103.85955238978066,1.3072420606194894,103.85909560812084,1.3077282875177416,103.85955238978066
103001086,MAUDE ROAD,E,3,20,29,1.3072420606194894 103.85909560812084 1.3078794361010724 103.85846810483393,1.3072420606194894,103.85909560812084,1.3078794361010724,103.85846810483393
103001087,MAUDE ROAD,E,2,10,19,1.3078794361010724 103.85846810483393 1.3072420606194894 103.85909560812084,1.3078794361010724,103.85846810483393,1.3072420606194894,103.85909560812084
103001088,BUFFALO ROAD,E,4,30,39,1.3071850894685886 103.8501717998829 1.307272894948953 103.85006617620294,1.3071850894685886,103.8501717998829,1.307272894948953,103.85006617620294
103001094,CLUNY ROAD,D,4,30,39,1.3071188143532448 103.81885660049718 1.3079617809120705 103.81871264830949,1.3071188143532448,103.81885660049718,1.3079617809120705,103.81871264830949
103001095,CLUNY ROAD,D,3,20,29,1.3079617809120705 103.81871264830949 1.3071188143532448 103.81885660049718,1.3079617809120705,103.81871264830949,1.3071188143532448,103.81885660049718
103001098,CAIRNHILL ROAD,C,4,30,39,1.307170122823936 103.83645862549653 1.3073852522841434 103.8370603471685,1.307170122823936,103.83645862549653,1.3073852522841434,103.8370603471685
103001099,CAIRNHILL ROAD,C,4,30,39,1.3073852522841434 103.8370603471685 1.307170122823936 103.83645862549653,1.3073852522841434,103.8370603471685,1.307170122823936,103.83645862549653
103001100,MOULMEIN ROAD,F,8,70,999,1.3185545940225802 103.84476840899393 1.3181085280127 103.84414294327067,1.3185545940225802,103.84476840899393,1.3181085280127,103.84414294327067
103001106,CHANDER ROAD,E,2,10,19,1.309299949684641 103.85222615590367 1.3100042924352346 103.85269430495329,1.309299949684641,103.85222615590367,1.3100042924352346,103.85269430495329
103001107,CHANDER ROAD,E,8,70,999,1.3100042924352346 103.85269430495329 1.309299949684641 103.85222615590367,1.3100042924352346,103.85269430495329,1.309299949684641,103.85222615590367
103001110,HORNE ROAD,E,2,10,19,1.309384725200985 103.8617179711374 1.3092891871958876 103.86179915389253,1.309384725200985,103.8617179711374,1.3092891871958876,103.86179915389253
103001111,HORNE ROAD,E,2,10,19,1.3092891871958876 103.86179915389253 1.309384725200985 103.8617179711374,1.3092891871958876,103.86179915389253,1.309384725200985,103.8617179711374
103001114,KITCHENER ROAD,D,2,10,19,1.3105239615560678 103.85656144683719 1.3092864620940106 103.85782331164867,1.3105239615560678,103.85656144683719,1.3092864620940106,103.85782331164867
103001115,KITCHENER ROAD,D,2,10,19,1.3092864620940106 103.85782331164867 1.3105239615560678 103.85656144683719,1.3092864620940106,103.85782331164867,1.3105239615560678,103.85656144683719
103001116,OLD AIRPORT ROAD,F,4,30,39,1.3065538078292014 103.88324038023666 1.305298120233709 103.8830242190826,1.3065538078292014,103.88324038023666,1.305298120233709,103.8830242190826
103001120,UPPER WELD ROAD,D,2,10,19,1.3059928888694998 103.85425391832095 1.305277654723263 103.85522047922288,1.3059928888694998,103.85425391832095,1.305277654723263,103.85522047922288
103001124,TANGLIN ROAD,F,4,30,39,1.3052748735326998 103.82352616140828 1.3055888686305448 103.82343904606199,1.3052748735326998,103.82352616140828,1.3055888686305448,103.82343904606199
103001128,NAPIER ROAD,F,4,30,39,1.3053978073470158 103.82220600682551 1.3052748735326998 103.82352616140828,1.3053978073470158,103.82220600682551,1.3052748735326998,103.82352616140828
103001134,BISHAN ROAD,C,3,20,29,1.3508288520103235 103.84777910458106 1.3522028690601513 103.84808674500522,1.3508288520103235,103.84777910458106,1.3522028690601513,103.84808674500522
103001135,BISHAN ROAD,C,4,30,39,1.3522028690601513 103.84808674500522 1.3508288520103235 103.84777910458106,1.3522028690601513,103.84808674500522,1.3508288520103235,103.84777910458106
103001138,KALLANG AVENUE,D,8,70,999,1.3121234483919337 103.86683186105031 1.3114124898343449 103.86824892611672,1.3121234483919337,103.86683186105031,1.3114124898343449,103.86824892611672
103001139,KALLANG AVENUE,D,2,10,19,1.3114124898343449 103.86824892611672 1.3121234483919337 103.86683186105031,1.3114124898343449,103.86824892611672,1.3121234483919337,103.86683186105031
103001142,KALLANG AVENUE,D,8,70,999,1.3114124898343449 103.86824892611672 1.3104938696843227 103.86714226096593,1.3114124898343449,103.86824892611672,1.3104938696843227,103.86714226096593
103001143,KALLANG AVENUE,D,2,10,19,1.3104938696843227 103.86714226096593 1.3114124898343449 103.86824892611672,1.3104938696843227,103.86714226096593,1.3114124898343449,103.86824892611672
103001146,BISHAN ROAD,C,4,30,39,1.3570406703029732 103.85029407367034 1.3580342639922915 103.85088952430387,1.3570406703029732,103.85029407367034,1.3580342639922915,103.85088952430387
103001147,BISHAN ROAD,C,5,40,49,1.3580342639922915 103.85088952430387 1.3570406703029732 103.85029407367034,1.3580342639922915,103.85088952430387,1.3570406703029732,103.85029407367034
103001150,BISHAN ROAD,C,4,30,39,1.3580342639922915 103.85088952430387 1.3590278665630788 103.8514849754271,1.3580342639922915,103.85088952430387,1.3590278665630788,103.8514849754271
103001151,BISHAN ROAD,C,5,40,49,1.3590278665630788 103.8514849754271 1.3580342639922915 103.85088952430387,1.3590278665630788,103.8514849754271,1.3580342639922915,103.85088952430387
103001154,BEDOK RESERVOIR ROAD,C,4,30,39,1.3378617043922947 103.93242761921088 1.3378966589737933 103.93262667800124,1.3378617043922947,103.93242761921088,1.3378966589737933,103.93262667800124
103001155,BEDOK RESERVOIR ROAD,C,4,30,39,1.3378966589737933 103.93262667800124 1.3378617043922947 103.93242761921088,1.3378966589737933,103.93262667800124,1.3378617043922947,103.93242761921088
103001158,BEDOK SOUTH ROAD,C,5,40,49,1.3231419719897588 103.92735082418997 1.3227290456435956 103.927430968462,1.3231419719897588,103.92735082418997,1.3227290456435956,103.927430968462
103001159,BEDOK SOUTH ROAD,C,3,20,29,1.3227290456435956 103.927430968462 1.3231419719897588 103.92735082418997,1.3227290456435956,103.927430968462,1.3231419719897588,103.92735082418997
103001162,BISHAN ROAD,C,4,30,39,1.3590278665630788 103.8514849754271 1.3594359952743287 103.85172955927906,1.3590278665630788,103.8514849754271,1.3594359952743287,103.85172955927906
103001163,BISHAN ROAD,C,5,40,49,1.3594359952743287 103.85172955927906 1.3590278665630788 103.8514849754271,1.3594359952743287,103.85172955927906,1.3590278665630788,103.8514849754271
103001166,BISHAN ROAD,C,4,30,39,1.3594359952743287 103.85172955927906 1.359624970370861 103.85184280704898,1.3594359952743287,103.85172955927906,1.359624970370861,103.85184280704898
103001167,BISHAN ROAD,C,4,30,39,1.359624970370861 103.85184280704898 1.3594359952743287 103.85172955927906,1.359624970370861,103.85184280704898,1.3594359952743287,103.85172955927906
103001170,BEDOK SOUTH ROAD,C,5,40,49,1.3184325030791815 103.92983778059923 1.3184072069631432 103.93009678674385,1.3184325030791815,103.92983778059923,1.3184072069631432,103.93009678674385
103001171,BEDOK SOUTH ROAD,C,4,30,39,1.3184072069631432 103.93009678674385 1.3184325030791815 103.92983778059923,1.3184072069631432,103.93009678674385,1.3184325030791815,103.92983778059923
103001174,BISHAN ROAD,C,4,30,39,1.3481248602480003 103.84716987236547 1.3467011842705927 103.84688060830581,1.3481248602480003,103.84716987236547,1.3467011842705927,103.84688060830581
103001175,BISHAN ROAD,C,5,40,49,1.3467011842705927 103.84688060830581 1.3481248602480003 103.84716987236547,1.3467011842705927,103.84688060830581,1.3481248602480003,103.84716987236547
103001178,LYNDHURST ROAD,E,3,20,29,1.3033040994320206 103.88806880482987 1.3024467879891048 103.88812157587378,1.3033040994320206,103.88806880482987,1.3024467879891048,103.88812157587378
103001179,LYNDHURST ROAD,E,3,20,29,1.3024467879891048 103.88812157587378 1.3033040994320206 103.88806880482987,1.3024467879891048,103.88812157587378,1.3033040994320206,103.88806880482987
103001180,ORCHARD BOULEVARD,C,5,40,49,1.3026957990927432 103.82405852392625 1.302429931449246 103.82340946928127,1.3026957990927432,103.82405852392625,1.302429931449246,103.82340946928127
103001186,GRANGE ROAD,C,5,40,49,1.302429931449246 103.82340946928127 1.303054784356424 103.82344916460241,1.302429931449246,103.82340946928127,1.303054784356424,103.82344916460241
103001187,GRANGE ROAD,C,4,30,39,1.303054784356424 103.82344916460241 1.302429931449246 103.82340946928127,1.303054784356424,103.82344916460241,1.302429931449246,103.82340946928127
103001188,JALAN PINANG,E,3,20,29,1.303163123791825 103.8580933193693 1.3024251106240274 103.85872812577652,1.303163123791825,103.8580933193693,1.3024251106240274,103.85872812577652
103001194,TANGLIN HILL,E,3,20,29,1.3023244753572962 103.81556923519429 1.303289677502834 103.8156809896024,1.3023244753572962,103.81556923519429,1.303289677502834,103.8156809896024
103001195,TANGLIN HILL,E,2,10,19,1.303289677502834 103.8156809896024 1.3023244753572962 103.81556923519429,1.303289677502834,103.8156809896024,1.3023244753572962,103.81556923519429
103001198,ALBERT STREET,D,3,20,29,1.3023118710455295 103.85316975650862 1.3029486225222129 103.85235039535674,1.3023118710455295,103.85316975650862,1.3029486225222129,103.85235039535674
103001199,ALBERT STREET,D,4,30,39,1.3029486225222129 103.85235039535674 1.3023118710455295 103.85316975650862,1.3029486225222129,103.85235039535674,1.3023118710455295,103.85316975650862
103001200,PARLIAMENT PLACE,F,3,20,29,1.2891926275810617 103.85120581188629 1.2893271856836854 103.85153421166655,1.2891926275810617,103.85120581188629,1.2893271856836854,103.85153421166655
103001206,RANGOON LANE,E,5,40,49,1.3162715531513092 103.85325411434806 1.3165492139574482 103.85401877433466,1.3162715531513092,103.85325411434806,1.3165492139574482,103.85401877433466
103001207,RANGOON LANE,E,5,40,49,1.3165492139574482 103.85401877433466 1.3162715531513092 103.85325411434806,1.3165492139574482,103.85401877433466,1.3162715531513092,103.85325411434806
103001210,DRAYCOTT DRIVE,D,3,20,29,1.309788142655336 103.83177866474172 1.309632040452508 103.8321281642356,1.309788142655336,103.83177866474172,1.309632040452508,103.8321281642356
103001211,DRAYCOTT DRIVE,D,4,30,39,1.309632040452508 103.8321281642356 1.309788142655336 103.83177866474172,1.309632040452508,103.8321281642356,1.309788142655336,103.83177866474172
103001212,DRAYCOTT DRIVE,F,4,30,39,1.309788142655336 103.83177866474172 1.3096279339357806 103.83110989321554,1.309788142655336,103.83177866474172,1.3096279339357806,103.83110989321554
103001218,DRAYCOTT DRIVE,D,3,20,29,1.3096279339357806 103.83110989321554 1.309694857000047 103.83119447352243,1.3096279339357806,103.83110989321554,1.309694857000047,103.83119447352243
103001219,DRAYCOTT DRIVE,D,3,20,29,1.309694857000047 103.83119447352243 1.3096279339357806 103.83110989321554,1.309694857000047,103.83119447352243,1.3096279339357806,103.83110989321554
103001226,PADANG JERINGAU,D,4,30,39,1.3099051585628567 103.86554520014256 1.309253800591554 103.86611733337693,1.3099051585628567,103.86554520014256,1.309253800591554,103.86611733337693
103001227,PADANG JERINGAU,D,4,30,39,1.309253800591554 103.86611733337693 1.3099051585628567 103.86554520014256,1.309253800591554,103.86611733337693,1.3099051585628567,103.86554520014256
103001230,GUILLEMARD CRESCENT,E,2,10,19,1.309221657875194 103.88033745809436 1.3093222221148553 103.88087126937101,1.309221657875194,103.88033745809436,1.3093222221148553,103.88087126937101
